Recency,Frequency,Monetary,R_Score,F_Score,M_Score,RFM_Score,Cluster,PCA1,PCA2,Customer Segment
75,4,1797.24,2,3,4,234,2,1.4665631583552436,0.5235599876220594,VIP Customers
19,1,1757.55,3,1,4,314,0,0.7614248284511613,-0.3907425558767023,Regular Customers
310,1,334.4,1,1,2,112,1,-1.8635797160814467,1.3011249533776497,Lost Customers
36,8,2506.04,3,4,4,344,2,3.52250302236019,1.138313362774766,VIP Customers
204,1,89.0,1,1,1,111,1,-1.5980288788490626,0.25294709893763195,Lost Customers
232,1,1079.4,1,1,3,113,1,-0.8312552431010949,1.0531998383136056,Lost Customers
214,1,459.4,1,1,2,112,1,-1.3090937109454954,0.5481867274250241,Lost Customers
23,3,2811.43,3,3,4,334,2,2.3138081394886996,0.5137764761609421,VIP Customers
2,2,1168.06,4,2,3,423,0,0.6154980595501476,-0.7327860867196847,Regular Customers
52,3,2662.06,2,3,4,234,2,2.0453883153766483,0.6781159794204544,VIP Customers
287,1,189.9,1,1,1,111,1,-1.8884721960411377,1.0220904488538882,Lost Customers
110,2,552.0,2,2,2,222,0,-0.4381932346356726,-0.1545693370288233,Regular Customers
8,4,1313.1,4,3,3,433,2,1.3368992986295378,-0.32501958241959006,VIP Customers
291,2,641.38,1,2,2,122,1,-1.1897095286344492,1.4488392288208356,Lost Customers
4,1,168.9,4,1,1,411,0,-0.6060752298756424,-1.4177488858631682,Regular Customers
45,2,1887.96,3,2,4,324,2,1.068704034418296,0.043200841467753534,VIP Customers
72,3,1298.04,2,3,3,233,0,0.7200529083763252,0.0784069093705409,Regular Customers
311,1,364.6,1,1,2,112,1,-1.840871016653526,1.3267811801934508,Lost Customers
25,1,742.9300000000001,3,1,3,313,0,-0.1835990419913277,-0.9129917597345464,Regular Customers
11,2,457.5,4,2,2,422,0,-0.06838639182120634,-1.0573638420612688,Regular Customers
315,2,1628.1200000000001,1,2,3,123,1,-0.40785117220112,2.2127048677900936,Lost Customers
82,2,852.24,2,2,3,223,0,-0.03795332058032364,-0.22501873816629914,Regular Customers
22,4,2724.81,3,3,4,334,2,2.5490064324167414,0.5933551427578951,VIP Customers
5,5,1845.31,4,3,4,434,2,2.1408488326268196,0.08732299686924007,VIP Customers
185,5,1850.56,1,3,4,134,2,1.3178596286217328,1.6345801598422274,VIP Customers
29,2,585.27,3,2,2,322,0,-0.03562872080604302,-0.8306863609231486,Regular Customers
338,2,401.9,1,2,2,122,1,-1.6223816242646127,1.7166541186487942,Lost Customers
16,6,2780.66,4,4,4,444,2,3.2449433297633075,0.8477358377770088,VIP Customers
80,1,549.84,2,1,2,212,0,-0.6111129745550241,-0.5503102061096917,Regular Customers
22,1,439.66,3,1,2,312,0,-0.4440241327413629,-1.1102164960481722,Regular Customers
72,4,1582.6000000000001,2,3,3,233,2,1.2862784715281215,0.37645183677616917,VIP Customers
64,2,1272.48,2,2,3,223,0,0.4248068099818045,-0.1418193152970435,Regular Customers
36,2,2409.9,3,2,4,324,2,1.5820358175290183,0.2611218174916769,VIP Customers
46,1,1635.6599999999999,3,1,3,313,0,0.5270498496076688,-0.2280230146443174,Regular Customers
119,4,1108.65,2,3,3,233,0,0.6415955386215805,0.5116836757791254,Regular Customers
303,1,84.3,1,1,1,111,1,-2.0575336576801475,1.0996481223227867,Lost Customers
323,1,225.60000000000002,1,1,1,111,1,-2.021739054150866,1.351135017931133,Lost Customers
50,1,427.7,3,1,2,312,0,-0.5835975045097068,-0.8767567230429452,Regular Customers
149,1,1710.39,1,1,4,114,0,0.12097257400230295,0.697909898506578,Regular Customers
50,5,1708.12,3,3,4,334,2,1.8098657616341995,0.39581987388412126,VIP Customers
33,5,2888.55,3,3,4,334,2,2.955401086712672,0.9174545625581458,VIP Customers
309,2,693.3299999999999,1,2,3,123,1,-1.225509292183601,1.6326436476757142,Lost Customers
75,3,1226.88,2,3,3,233,0,0.6419135013168582,0.06390702538986237,Regular Customers
67,3,758.1,2,3,3,233,0,0.25482478185866064,-0.2698036476106534,Regular Customers
217,3,562.41,1,3,2,132,1,-0.6119009415981812,0.906448869862483,Lost Customers
113,1,668.58,2,1,3,213,0,-0.6554983743968439,-0.20004810625771774,Regular Customers
64,1,600.39,2,1,2,212,0,-0.4918284421268496,-0.6589963691419306,Regular Customers
16,4,807.04,4,3,3,433,0,0.842524954111518,-0.5425404583005731,Regular Customers
96,3,803.5600000000001,2,3,3,233,0,0.16257278913892642,0.004704132154318592,Regular Customers
1,8,1859.31,4,4,4,444,2,3.0986700364307374,0.4723360765950552,VIP Customers
163,2,1760.96,1,2,4,124,0,0.41124183039140594,0.9837545233987035,Regular Customers
78,1,777.2,2,1,3,213,0,-0.3963340219174956,-0.4389063262854036,Regular Customers
195,1,582.73,1,1,2,112,1,-1.110204946293066,0.454916491118107,Lost Customers
22,3,825.8,3,3,3,333,0,0.5229740869864133,-0.6175942347028555,Regular Customers
43,1,256.4,3,1,1,311,0,-0.7062994566113355,-1.0336754255312104,Regular Customers
85,2,806.14,2,2,3,223,0,-0.09343314823881825,-0.22534823252922476,Regular Customers
100,1,509.01,2,1,2,212,0,-0.7400026964965775,-0.40181026425558986,Regular Customers
14,2,2906.85,4,2,4,424,2,2.1325522727851336,0.3533800383412398,VIP Customers
367,1,173.55,1,1,1,111,1,-2.271138889690794,1.6991956497148755,Lost Customers
3,1,172.06,4,1,1,411,0,-0.5986193814657161,-1.4245414176411302,Regular Customers
22,1,133.4,3,1,1,311,0,-0.72094842593138,-1.2833938114644947,Regular Customers
58,1,1002.3100000000001,2,1,3,213,0,-0.1008159164160378,-0.4832035786439139,Regular Customers
243,1,476.49,1,1,2,112,1,-1.426998228310305,0.8066524499890521,Lost Customers
44,1,449.45,3,1,2,312,0,-0.5363396595996813,-0.9159342845393884,Regular Customers
156,2,197.88,1,2,1,121,1,-0.9699257808756446,0.03984201156501531,Lost Customers
17,2,430.57,4,2,2,422,0,-0.12032806040629321,-1.0211153555137467,Regular Customers
134,1,707.09,2,1,3,213,0,-0.7172463669119217,0.0018946923330305356,Regular Customers
73,6,2466.86,2,4,4,244,2,2.699084767910595,1.1593196589332562,VIP Customers
66,7,2363.23,2,4,4,244,2,2.946493607361524,1.1778035931804496,VIP Customers
71,2,947.4,2,2,3,223,0,0.09867548103575897,-0.2655828952692832,Regular Customers
94,2,826.88,2,2,3,223,0,-0.11606658540701299,-0.13640619826734562,Regular Customers
19,2,1189.59,3,2,3,323,0,0.556790669698845,-0.5747622955471637,Regular Customers
53,4,1344.78,2,3,3,233,2,1.158610687870047,0.07896626884708523,VIP Customers
10,8,1212.05,4,4,3,443,2,2.472022272053859,0.18355184331267976,VIP Customers
17,2,742.1899999999999,4,2,3,423,0,0.16144281481042835,-0.8449071826213205,Regular Customers
188,2,729.54,1,2,3,123,1,-0.6363449869227623,0.6150138481853352,Lost Customers
54,1,723.38,2,1,3,213,0,-0.3346339260461467,-0.6752444360370177,Regular Customers
4,1,680.99,4,1,3,413,0,-0.14303676158178796,-1.1281832506135612,Regular Customers
11,1,527.2,4,1,2,412,0,-0.3142854346781696,-1.1550894468018855,Regular Customers
17,8,2484.98,4,4,4,444,2,3.590832462602946,0.9633965759128867,VIP Customers
10,3,1298.66,4,3,3,433,0,1.00572269825904,-0.4531641028562192,Regular Customers
336,1,334.93,1,1,2,112,1,-1.9826623964208396,1.524488541675377,Lost Customers
39,1,460.40000000000003,3,1,2,312,0,-0.5034458509137654,-0.9526394170782857,Regular Customers
63,2,263.21000000000004,2,2,1,221,0,-0.48318977468594515,-0.7210989803831339,Regular Customers
166,2,433.74,1,2,2,122,1,-0.8026434386946167,0.2590048555682697,Lost Customers
16,7,1246.1,4,4,3,443,2,2.1662968226877672,0.1171439271360735,VIP Customers
82,1,1043.1,2,1,3,213,0,-0.17429790852021496,-0.25423339294335023,Regular Customers
21,3,403.70000000000005,3,3,2,332,0,0.14590428750896728,-0.8648536415345148,Regular Customers
337,1,2169.39,1,1,4,114,1,-0.3285182329067822,2.5703788934603353,Lost Customers
18,2,482.04999999999995,4,2,2,422,0,-0.07837770696190449,-0.9834261721510268,Regular Customers
233,1,73.5,1,1,1,111,1,-1.7454016999919124,0.49298452949676863,Lost Customers
134,3,1304.81,2,3,3,233,0,0.4410652530416227,0.6141566597966306,Regular Customers
26,2,397.88,3,2,2,322,0,-0.1912736016205357,-0.9623857680705643,Regular Customers
284,1,176.5,1,1,1,111,1,-1.8867930457313207,0.9887751633981267,Lost Customers
143,2,982.5699999999999,1,2,3,123,0,-0.20061787451718727,0.37201968199728974,Regular Customers
66,2,132.18,2,2,1,221,0,-0.6154644179280228,-0.7694528638217086,Regular Customers
113,1,612.29,2,1,2,212,0,-0.7063965278078871,-0.23187776434164906,Regular Customers
267,1,1017.6800000000001,1,1,3,113,1,-1.0480120028467794,1.318578061257198,Lost Customers
353,1,383.7,1,1,2,112,1,-2.0167390223901593,1.6979154219615291,Lost Customers
78,2,1312.06,2,2,3,223,0,0.3962160713246199,0.0006728597524504846,Regular Customers
28,5,2481.6,3,3,4,334,2,2.610424255667287,0.6444443294103501,VIP Customers
1,5,2056.89,4,3,4,434,2,2.350556373354692,0.17264518063351988,VIP Customers
64,1,330.84000000000003,2,1,2,212,0,-0.7355590737123296,-0.8114157035978495,Regular Customers
79,5,2634.2599999999998,2,3,4,234,2,2.513936130720069,1.1683156316444137,VIP Customers
143,1,599.68,1,1,2,112,0,-0.8557547083193273,0.018373221825753593,Regular Customers
39,2,192.72,3,2,1,321,0,-0.4365629106028728,-0.9668632830688239,Regular Customers
19,11,1789.77,3,4,4,344,2,3.879785508049411,0.9988571274854848,VIP Customers
1,3,1316.66,4,3,3,433,0,1.0633853495530796,-0.5202002754344689,Regular Customers
82,3,348.71000000000004,2,3,2,232,0,-0.18432903157507186,-0.3726059876902393,Regular Customers
9,6,1933.48,4,4,4,444,2,2.5111018515032884,0.3086350548878296,VIP Customers
60,4,1662.28,2,3,4,234,2,1.4135085900284268,0.318555001746982,VIP Customers
15,1,125.22,4,1,1,411,0,-0.6961551429218104,-1.348074925985965,Regular Customers
30,1,349.83000000000004,3,1,2,312,0,-0.5620378733461036,-1.0923765869891175,Regular Customers
131,1,1089.18,2,1,3,213,0,-0.3579599916503648,0.19221258285193543,Regular Customers
92,2,716.35,2,2,3,223,0,-0.20681218519544572,-0.21606508571929722,Regular Customers
29,1,363.95,3,1,2,312,0,-0.5446718497472445,-1.0929716937786293,Regular Customers
30,3,981.18,3,3,3,333,0,0.6266824319727523,-0.4610982506969048,Regular Customers
36,1,372.7,3,1,2,312,0,-0.5689497313099443,-1.0279682679210806,Regular Customers
75,2,1000.39,2,2,3,223,0,0.12819559083124216,-0.20130172782969566,Regular Customers
47,2,1161.5,3,2,3,323,0,0.4026323411971537,-0.3504233678944652,Regular Customers
198,2,207.8,1,2,1,121,1,-1.1540944625460738,0.40578534444678216,Lost Customers
166,1,95.19999999999999,1,1,1,111,1,-1.4176784230780366,-0.06956352082244657,Lost Customers
79,1,964.83,2,1,3,213,0,-0.23127505971642684,-0.3242299702787463,Regular Customers
358,1,168.0,1,1,1,111,1,-2.2347704560700543,1.6188429298302378,Lost Customers
39,2,437.82,3,2,2,322,0,-0.21494028844890817,-0.8282694085552059,Regular Customers
50,2,599.56,3,2,2,322,0,-0.11927675374775912,-0.6424389668233014,Regular Customers
8,1,269.96,4,1,1,411,0,-0.5330895980608159,-1.326286129080987,Regular Customers
311,2,561.71,1,2,2,122,1,-1.353718886008316,1.5753767631428737,Lost Customers
5,3,2134.0099999999998,4,3,4,434,2,1.7840497574701633,-0.02370526089888391,VIP Customers
303,1,238.85,1,1,1,111,1,-1.9177875285332882,1.1870397310787217,Lost Customers
261,1,456.9,1,1,2,112,1,-1.5274853945069256,0.9500039688736971,Lost Customers
289,1,145.92,1,1,1,111,1,-1.937436556876977,1.0143803458892786,Lost Customers
86,1,351.65,2,1,2,212,0,-0.8179101725978342,-0.6109021395915544,Regular Customers
40,2,519.61,3,2,2,322,0,-0.14558323701395773,-0.7734411785319079,Regular Customers
9,2,1020.4200000000001,4,2,3,423,0,0.4498102968015705,-0.7562147132292707,Regular Customers
227,1,160.54000000000002,1,1,1,111,1,-1.6391077840886912,0.49072575244338607,Lost Customers
316,1,218.45000000000002,1,1,1,111,1,-1.9960144316846726,1.2870363256485409,Lost Customers
36,5,1315.83,3,3,3,333,2,1.519531510246811,0.05388483682035485,VIP Customers
35,3,626.6,3,3,2,332,0,0.28307388786959087,-0.6187016171344029,Regular Customers
21,2,2794.51,3,2,4,324,2,1.99878323121989,0.34991209632912723,VIP Customers
78,1,440.42,2,1,2,212,0,-0.700854897841658,-0.6293414346440174,Regular Customers
247,1,415.7,1,1,2,112,1,-1.5003594810145287,0.8065957510795598,Lost Customers
40,1,197.71,3,1,1,311,0,-0.7455721160010415,-1.0926003257430787,Regular Customers
239,2,511.36,1,2,2,122,1,-1.0681514847772677,0.9291905260839027,Lost Customers
4,9,2338.15,4,4,4,444,2,3.826770508412696,0.9059764201052547,VIP Customers
234,2,2040.1,1,2,4,124,1,0.33714787135485785,1.7507326265030805,Lost Customers
17,1,196.94000000000003,4,1,1,411,0,-0.6405020521737504,-1.290361482311547,Regular Customers
8,1,144.0,4,1,1,411,0,-0.6469842756883695,-1.3975112797694216,Regular Customers
39,1,214.89999999999998,3,1,1,311,0,-0.7254301582936035,-1.091459474985643,Regular Customers
29,2,646.68,3,2,2,322,0,0.01989900349618041,-0.7959615553993572,Regular Customers
317,1,452.84999999999997,1,1,2,112,1,-1.788665424448349,1.4281591749681393,Lost Customers
92,2,437.6,2,2,2,222,0,-0.45886157697601543,-0.37368663823121484,Regular Customers
109,3,418.09999999999997,2,3,2,232,0,-0.24574613540587428,-0.10172554757182901,Regular Customers
51,2,618.27,3,2,2,322,0,-0.1069574624330538,-0.6232798579926552,Regular Customers
29,7,1032.58,3,4,3,343,2,1.913448292484675,0.10793917920866716,VIP Customers
29,10,2599.04,3,4,4,344,2,4.256629970185281,1.4051214598988955,VIP Customers
190,5,577.0600000000001,1,3,2,132,1,0.14335161511946432,0.9573656829679533,Lost Customers
59,1,153.12,2,1,1,211,0,-0.8732631439402794,-0.9548058883786248,Regular Customers
22,1,739.1999999999999,3,1,3,313,0,-0.17317615134601994,-0.9408390616466661,Regular Customers
79,2,254.18,2,2,1,221,0,-0.5649313806684542,-0.5889349810807791,Regular Customers
60,1,1579.51,2,1,3,213,0,0.4118987942683177,-0.13966218030142738,Regular Customers
78,3,1126.85,2,3,3,233,0,0.5376694630799738,0.03308235496606588,Regular Customers
23,5,2099.54,3,3,4,334,2,2.2879532878018787,0.3855083579379686,VIP Customers
52,1,1193.32,2,1,3,213,0,0.09948903182234357,-0.42667163707966776,Regular Customers
74,1,704.04,2,1,3,213,0,-0.44409210922764825,-0.5145927913542839,Regular Customers
278,1,315.6,1,1,2,112,1,-1.7334257976806682,1.0159541550398843,Lost Customers
2,4,2291.19,4,3,4,434,2,2.248892265819133,0.1765734230050333,VIP Customers
95,2,713.3,2,2,3,223,0,-0.22336564041930887,-0.19205159233105498,Regular Customers
29,1,352.98,3,1,2,312,0,-0.5545910670668242,-1.0991747733519235,Regular Customers
22,1,177.31,3,1,1,311,0,-0.6812444302611206,-1.2585645294167878,Regular Customers
15,3,1339.41,4,3,3,433,0,1.019576705017269,-0.38722476667654654,Regular Customers
232,1,180.1,1,1,1,111,1,-1.6444140521711088,0.5446830233397313,Lost Customers
276,1,305.1,1,1,1,111,1,-1.7337229646087946,0.9928580797772317,Lost Customers
106,2,641.13,2,2,2,222,0,-0.33920658367831424,-0.1384875446729176,Regular Customers
212,2,2683.82,1,2,4,124,2,1.0203756781145938,1.9259831891003534,VIP Customers
4,3,786.46,4,3,3,433,0,0.5701759772812259,-0.7942682220701096,Regular Customers
10,2,1270.88,4,2,3,423,0,0.6716809658567136,-0.6060106006510483,Regular Customers
57,1,640.5,2,1,2,212,0,-0.4233707102237062,-0.6963714934542511,Regular Customers
59,4,2163.98,2,3,4,234,2,1.871750819705744,0.5936661427557154,VIP Customers
90,2,1689.18,2,2,4,224,0,0.6820304807718094,0.3168711304316608,Regular Customers
33,1,671.69,3,1,3,313,0,-0.2848034617235994,-0.8846399774514685,Regular Customers
239,1,486.1,1,1,2,112,1,-1.399914600256591,0.7777689836696297,Lost Customers
24,3,1174.58,3,3,3,333,0,0.8291484494357276,-0.4032148633550676,Regular Customers
115,1,185.9,2,1,1,211,0,-1.1011410067094038,-0.45582484630565734,Regular Customers
25,3,1013.26,3,3,3,333,0,0.678682262715434,-0.48585524546153547,Regular Customers
130,1,477.90999999999997,2,1,2,212,0,-0.9060797765740186,-0.1620146054637759,Regular Customers
34,4,1775.18,3,3,4,334,2,1.6351561582948873,0.15933136932881245,VIP Customers
5,2,1346.97,4,2,3,423,0,0.7634752135761229,-0.6058817675195374,Regular Customers
155,1,318.05,1,1,2,112,1,-1.1655906552324975,-0.03792428405907452,Lost Customers
107,3,623.51,2,3,2,232,0,-0.050814659538152084,-0.002733481478972499,Regular Customers
3,1,314.44,4,1,2,412,0,-0.469877525316057,-1.3440314386397065,Regular Customers
335,1,114.0,1,1,1,111,1,-2.177831653675874,1.390982418139942,Lost Customers
331,1,919.98,1,1,3,113,1,-1.4306598673000357,1.8124131250004867,Lost Customers
149,2,2209.85,1,2,4,124,2,0.8815135247546168,1.1174718541985236,VIP Customers
11,5,601.98,4,3,2,432,0,0.9890223921605312,-0.5642522169437636,Regular Customers
11,4,1643.18,4,3,3,433,2,1.621566341643742,-0.1126349041406029,VIP Customers
19,1,686.05,3,1,3,313,0,-0.2074394703573784,-0.9966313218552483,Regular Customers
30,1,91.68,3,1,1,311,0,-0.7954604759941899,-1.238349694723473,Regular Customers
11,1,245.1,4,1,1,411,0,-0.5693639402254295,-1.3146052852363679,Regular Customers
325,1,63.0,1,1,1,111,1,-2.1779611687194813,1.276350229553201,Lost Customers
58,1,620.13,2,1,2,212,0,-0.44638806547683835,-0.6993105021919127,Regular Customers
151,3,2744.0299999999997,1,3,4,134,2,1.6642516828616953,1.573825289644023,VIP Customers
330,1,225.9,1,1,1,111,1,-2.053657536110143,1.4113603195959434,Lost Customers
5,2,610.52,4,2,2,422,0,0.0975675020898428,-1.0223136683173912,Regular Customers
39,4,1970.6,3,3,4,334,2,1.7888647997677376,0.3127301692825417,VIP Customers
25,6,1331.39,3,4,3,343,2,1.8931076453794888,0.10544824546294544,VIP Customers
59,4,1113.02,2,3,3,233,0,0.9214590572458067,-0.0006081059543292179,Regular Customers
1,4,862.81,4,3,3,433,0,0.9619309436118153,-0.6396955474560161,Regular Customers
8,7,2283.63,4,4,4,444,2,3.1412332846932114,0.6351890236933218,VIP Customers
28,6,2863.08,3,4,4,344,2,3.264286149048223,0.997293493118956,VIP Customers
372,1,89.14,1,1,1,111,1,-2.370456190108371,1.6943622019935918,Lost Customers
26,2,1247.61,3,2,3,323,0,0.577063365833109,-0.4818987301658048,Regular Customers
206,1,389.01,1,1,2,112,1,-1.3359529875643703,0.43974906000378317,Lost Customers
28,6,1035.8,3,4,3,343,2,1.6120357002130683,-0.03595748615988459,VIP Customers
127,4,855.91,2,3,3,233,0,0.3762764476492247,0.43740474315309824,Regular Customers
70,2,869.67,2,2,3,223,0,0.03298953464342422,-0.3181153638461298,Regular Customers
7,4,582.1,4,3,2,432,0,0.6805180834713098,-0.7469491150662497,Regular Customers
29,3,957.59,3,3,3,333,0,0.6099505809023908,-0.4830167969311676,Regular Customers
80,2,797.71,2,2,3,223,0,-0.07806298874647154,-0.2730119504947803,Regular Customers
20,1,219.0,3,1,1,311,0,-0.6343507173434069,-1.2521493263813344,Regular Customers
71,1,283.55,2,1,1,211,0,-0.8105090554199017,-0.7781005712031452,Regular Customers
7,8,2340.84,4,4,4,444,2,3.5064845427147033,0.7960975840940022,VIP Customers
292,1,603.42,1,1,2,112,1,-1.5375546851607813,1.298815744243848,Lost Customers
30,10,2712.91,3,4,4,344,2,4.354994176735283,1.4780895981000675,VIP Customers
97,3,1149.02,2,3,3,233,0,0.4703436993390169,0.20862680074557122,Regular Customers
1,1,848.55,4,1,3,413,0,0.02226878491318367,-1.0591731687417656,Regular Customers
106,1,343.36,2,1,2,212,0,-0.9173768014145813,-0.4440021786567787,Regular Customers
4,2,1053.49,4,2,3,423,0,0.5027052984782889,-0.7804119040943974,Regular Customers
151,2,1030.98,1,2,3,123,0,-0.19363320106005913,0.46802857193256847,Regular Customers
71,1,238.25,2,1,1,211,0,-0.8514699072500714,-0.8037158405440954,Regular Customers
5,2,644.95,4,2,2,422,0,0.12869955790690124,-1.0028449327013003,Regular Customers
32,6,2656.13,3,4,4,344,2,3.058765114809836,0.9145893821372059,VIP Customers
85,4,997.63,2,3,3,233,0,0.6975599984482839,0.15720753483781466,Regular Customers
4,5,725.07,4,3,3,433,0,1.1325117241711244,-0.5547055962249131,Regular Customers
5,4,1031.41,4,3,3,433,0,1.0959871258153762,-0.5100417246409924,Regular Customers
371,1,427.8,1,1,2,112,1,-2.0596368584970777,1.8772809917142785,Lost Customers
28,7,2609.1,3,4,4,344,2,3.343556808345282,0.9908164083639812,VIP Customers
71,4,836.33,2,3,3,233,0,0.6160899228721736,-0.05411224692647973,Regular Customers
114,1,453.01,2,1,2,212,0,-0.8550181198762261,-0.3133646111400477,Regular Customers
180,1,236.26000000000002,1,1,1,111,1,-1.3545096199311235,0.1303113812186507,Lost Customers
234,1,383.95,1,1,2,112,1,-1.4692872891863968,0.677110496551009,Lost Customers
353,1,110.39999999999999,1,1,1,111,1,-2.263860452968203,1.5433756181893066,Lost Customers
315,2,779.5699999999999,1,2,3,123,1,-1.1751211682384382,1.7328850708968642,Lost Customers
333,1,234.0,1,1,1,111,1,-2.0601290156627834,1.4416786750846626,Lost Customers
372,1,155.35,1,1,1,111,1,-2.310588243095666,1.731801208242252,Lost Customers
78,2,1013.04,2,2,3,223,0,0.12583828072291248,-0.16841053623719474,Regular Customers
64,1,427.6,2,1,2,212,0,-0.6480674175735388,-0.7567019406523673,Regular Customers
134,2,540.13,2,2,2,222,0,-0.5592910867260911,0.044623804885991256,Regular Customers
129,1,275.88,2,1,1,211,0,-1.0841594069065321,-0.28483356364503987,Regular Customers
87,1,112.08,2,1,1,211,0,-1.039131031629624,-0.7377896480982287,Regular Customers
117,2,2791.59,2,2,4,224,2,1.5546835570205197,1.1718814940509181,VIP Customers
52,3,1531.44,2,3,3,233,2,1.0230669401840107,0.03879730784727306,VIP Customers
8,2,1898.52,4,2,4,424,2,1.2483983240258167,-0.26826499871206827,VIP Customers
138,2,494.08,2,2,2,222,0,-0.6193242388568775,0.05290196403578388,Regular Customers
317,1,1693.88,1,1,4,114,1,-0.6665098847839886,2.1299101177981488,Lost Customers
239,1,1143.6,1,1,3,113,1,-0.805394510227086,1.1495579371282334,Lost Customers
211,1,1351.45,1,1,3,113,1,-0.4886948412178601,1.026865826621875,Lost Customers
60,1,892.47,2,1,3,213,0,-0.20933174969194274,-0.5281547773876618,Regular Customers
17,5,1386.04,4,3,3,433,2,1.6703884769032442,-0.06942255417511115,VIP Customers
20,6,822.23,3,4,3,343,2,1.4557111969927872,-0.22535749937002714,VIP Customers
64,2,826.74,2,2,3,223,0,0.021762878529710684,-0.39386678011018134,Regular Customers
5,5,2330.92,4,3,4,434,2,2.579943738967851,0.36191529145332013,VIP Customers
2,6,2225.91,4,4,4,444,2,2.807710623887412,0.4139364153461172,VIP Customers
9,2,532.82,4,2,2,422,0,0.008916006461818757,-1.031932270197203,Regular Customers
364,1,311.95,1,1,2,112,1,-2.1322001961619974,1.7517169621830926,Lost Customers
10,3,463.66,4,3,2,432,0,0.2507047892481852,-0.9253219372865374,Regular Customers
65,1,91.85,2,1,1,211,0,-0.9562554891666031,-0.9379752461836023,Regular Customers
192,1,324.92,1,1,2,112,1,-1.329524511122582,0.28339749750292725,Lost Customers
374,1,192.60000000000002,1,1,1,111,1,-2.2861033766872523,1.7700232979612052,Lost Customers
257,1,400.53999999999996,1,1,2,112,1,-1.5600527023303925,0.8838172063418579,Lost Customers
335,2,545.48,1,2,2,122,1,-1.478759107060755,1.7721045060659322,Lost Customers
53,2,860.41,2,2,3,223,0,0.10279161879839517,-0.4692009794157046,Regular Customers
19,1,430.48,3,1,2,312,0,-0.43852920329858086,-1.1411455466999867,Regular Customers
366,1,254.03,1,1,1,111,1,-2.1937692871195273,1.7361243679466765,Lost Customers
187,1,427.58,1,1,2,112,1,-1.213705322274528,0.2985505625635563,Lost Customers
37,3,483.65000000000003,3,3,2,332,0,0.14461956002201004,-0.6823751462949029,Regular Customers
178,1,489.31,1,1,2,112,1,-1.116501433661872,0.2562418895058309,Lost Customers
261,3,514.85,1,3,2,132,1,-0.8572408604776789,1.2570484102409463,Lost Customers
45,1,229.64000000000001,3,1,1,311,0,-0.7396932684733223,-1.0316483333953526,Regular Customers
102,1,125.92,2,1,1,211,0,-1.095594749697292,-0.6012729938473432,Regular Customers
148,2,1063.46,1,2,3,123,0,-0.15046875534255594,0.4606565217386786,Regular Customers
96,2,572.2,2,2,2,222,0,-0.35554863897169897,-0.26325840388401267,Regular Customers
281,1,166.04,1,1,1,111,1,-1.8824555090113337,0.957122325886347,Lost Customers
262,1,1542.08,1,1,3,113,1,-0.5508499960990395,1.5722075875066204,Lost Customers
3,4,942.34,4,3,3,433,0,1.0246459383950546,-0.5775658730188427,Regular Customers
214,1,92.72,1,1,1,111,1,-1.6406505575036991,0.3408444103844144,Lost Customers
71,2,948.88,2,2,3,223,0,0.10001371637149081,-0.2647460167124486,Regular Customers
75,5,1759.5,2,3,4,234,2,1.7413608507594966,0.6393576455224281,VIP Customers
60,1,397.12,2,1,2,212,0,-0.6572336912829928,-0.8082546376092884,Regular Customers
3,7,1474.72,4,4,3,443,2,2.432798970167583,0.13488709817712996,VIP Customers
6,3,430.15,4,3,2,432,0,0.23879874995273964,-0.978587973451032,Regular Customers
3,6,1018.71,4,4,3,443,2,1.711546077075774,-0.260105686369909,VIP Customers
337,2,293.0,1,2,1,121,1,-1.716251891883137,1.6464963091148304,Lost Customers
262,1,215.05,1,1,1,111,1,-1.7507678593261944,0.8218272150227101,Lost Customers
32,2,383.03000000000003,3,2,2,322,0,-0.23229237638424394,-0.919306543032122,Regular Customers
145,1,417.38,1,1,2,112,0,-1.0297898202622102,-0.06755109869382785,Regular Customers
283,1,312.38,1,1,2,112,1,-1.7593300393765792,1.057030281662789,Lost Customers
59,4,2610.36,2,3,4,234,2,2.2753734475192355,0.8460755009988358,VIP Customers
173,1,134.1,1,1,1,111,1,-1.4146942807405243,0.012488478338184726,Lost Customers
34,2,671.95,3,2,3,323,0,0.01975579201310663,-0.7387755165573866,Regular Customers
144,4,2726.77,1,3,4,134,2,1.9897574047093518,1.6411478731843263,VIP Customers
70,2,1118.99,2,2,3,223,0,0.2584279359303539,-0.17713525452856455,Regular Customers
66,8,1702.26,2,4,4,244,2,2.65775859146298,0.9411905598808097,VIP Customers
29,2,325.96000000000004,3,2,2,322,0,-0.27010021060916234,-0.9773154004993472,Regular Customers
267,4,354.09000000000003,1,3,2,132,1,-0.7212706700439655,1.354759648927868,Lost Customers
22,1,843.64,3,1,3,313,0,-0.07874013887045865,-0.8817825775413937,Regular Customers
31,2,1010.29,3,2,3,323,0,0.33948284569475334,-0.5731964347286931,Regular Customers
97,1,131.81,2,1,1,211,0,-1.0672762591186753,-0.6408393463170399,Regular Customers
295,1,311.55,1,1,2,112,1,-1.8152629577265786,1.1595135181827914,Lost Customers
135,6,1957.1000000000001,2,4,4,244,2,1.953043938274843,1.4029931384392351,VIP Customers
79,3,1316.25,2,3,3,233,0,0.7043288824055327,0.14875957249001864,Regular Customers
373,1,38.1,1,1,1,111,1,-2.421205760055351,1.6740805815409867,Lost Customers
8,6,2170.78,4,4,4,444,2,2.7302701468782464,0.43423897263503486,VIP Customers
211,2,1106.4,1,2,3,123,1,-0.40134955925317634,1.025438286132125,Lost Customers
52,1,521.2,2,1,2,212,0,-0.5082506532128367,-0.8067275935794347,Regular Customers
138,1,147.12,2,1,1,211,0,-1.2419726972449336,-0.2804275727931399,Regular Customers
26,2,1568.23,3,2,3,323,0,0.8669721586319837,-0.30060143091424946,Regular Customers
283,1,559.12,1,1,2,112,1,-1.5362245077965333,1.1965515080907372,Lost Customers
186,6,1607.0600000000002,1,4,3,143,2,1.4020079057111503,1.642608460591717,VIP Customers
84,2,380.64,2,2,2,222,0,-0.47357727213618883,-0.4745301982076663,Regular Customers
327,2,599.97,1,2,2,122,1,-1.3927002561619348,1.7342812941700305,Lost Customers
282,1,374.0,1,1,2,112,1,-1.6990138952052465,1.083294452879793,Lost Customers
143,2,343.2300000000001,1,2,2,122,0,-0.7787174552920372,0.010499454614439926,Regular Customers
58,2,2218.02,2,2,4,224,2,1.3073676419159466,0.3413680164620625,VIP Customers
236,2,854.99,1,2,3,123,1,-0.7436411439834442,1.0977608832947954,Lost Customers
45,3,573.22,3,3,2,332,0,0.18882164322151748,-0.5630919851438734,Regular Customers
276,1,298.0,1,1,1,111,1,-1.7401428773680485,0.9888433245383632,Lost Customers
9,2,1463.04,4,2,3,423,0,0.8500330834918511,-0.5059314788872978,Regular Customers
25,4,703.47,3,3,3,333,0,0.7074887908724977,-0.5238905682279548,Regular Customers
88,1,309.05,2,1,2,212,0,-0.86562671940441,-0.6178319098477639,Regular Customers
63,3,1175.22,2,3,3,233,0,0.6503842759016121,-0.06825712697354996,Regular Customers
68,2,1378.4,2,2,3,223,0,0.5021869172909937,-0.047608430280932944,Regular Customers
214,2,354.12,1,2,2,122,1,-1.0953665689299767,0.6257933192925502,Lost Customers
24,1,376.71999999999997,3,1,2,312,0,-0.5101323732836042,-1.1286476918760138,Regular Customers
186,3,331.0,1,3,2,132,1,-0.6785902980053212,0.5096353237560569,Lost Customers
31,1,176.55,3,1,1,311,0,-0.723318448320014,-1.1817798525683838,Regular Customers
42,2,372.8,3,2,2,322,0,-0.2875278272912176,-0.8392973774419898,Regular Customers
205,2,216.5,1,2,1,121,1,-1.178417554762008,0.4707604973801134,Lost Customers
265,1,138.68,1,1,1,111,1,-1.833618216452663,0.80438129233858,Lost Customers
18,2,496.06,4,2,2,422,0,-0.06570968192568637,-0.9755040987853156,Regular Customers
12,5,2919.81,4,3,4,434,2,3.0802360247507288,0.7549638024203355,VIP Customers
176,2,750.0,1,2,3,123,1,-0.5626623661130229,0.5236305617130781,Lost Customers
40,5,2178.67,3,3,4,334,2,2.281328570476355,0.5761025578089163,VIP Customers
3,5,1662.3,4,3,4,434,2,1.9845658699101154,-0.03332032152823183,VIP Customers
5,5,2483.63,4,4,4,444,2,2.7180261160756922,0.4482664565980553,VIP Customers
149,2,363.65,1,2,2,122,0,-0.7878446352643528,0.07352240039582497,Regular Customers
128,1,594.0,2,1,2,212,0,-0.7919126116438409,-0.11352929119285478,Regular Customers
8,6,1335.19,4,4,3,443,2,1.9747187521592284,-0.038252482301048635,VIP Customers
17,1,162.78,4,1,1,411,0,-0.6713899704633443,-1.3096775441368642,Regular Customers
161,1,405.38,1,1,2,112,1,-1.1142169390468297,0.06293348891001437,Lost Customers
64,1,172.82,2,1,1,211,0,-0.8784428221936413,-0.9007694532944709,Regular Customers
88,4,933.7,2,3,3,233,0,0.6259580518464798,0.14679591569896977,Regular Customers
5,2,694.05,4,2,3,423,0,0.17309641938286877,-0.9750809211198289,Regular Customers
35,5,2062.7,3,4,4,344,2,2.199459656992621,0.4676294344366104,VIP Customers
312,1,117.85,1,1,1,111,1,-2.0685841254897444,1.1958336797691598,Lost Customers
78,2,415.8,2,2,2,222,0,-0.4141939300287555,-0.506124961429007,Regular Customers
24,3,607.53,3,3,2,332,0,0.3164144311068593,-0.7238580969044232,Regular Customers
2,7,2160.7,4,4,4,444,2,3.057669583404805,0.5142009286814551,VIP Customers
17,4,1063.9,4,3,3,433,0,1.0701825867806365,-0.3887174114225253,Regular Customers
15,4,1504.27,4,3,3,433,2,1.477567964326431,-0.15686521984733656,VIP Customers
26,1,114.14,3,1,1,311,0,-0.756757710059291,-1.2599670195190276,Regular Customers
55,2,899.69,2,2,3,223,0,0.12911203772811738,-0.4298310089735257,Regular Customers
131,3,675.6,2,3,3,233,0,-0.11407904401140379,0.2326263850947201,Regular Customers
36,2,604.51,3,2,2,322,0,-0.05042140732021126,-0.7597512755647928,Regular Customers
288,1,462.95,1,1,2,112,1,-1.6461753538547907,1.1850682685935248,Lost Customers
144,6,1603.99,1,4,3,143,2,1.5923704468746624,1.2805385183277316,VIP Customers
16,7,2064.95,4,4,4,444,2,2.9067116907039807,0.5801696070441765,VIP Customers
2,3,1843.0,4,3,4,434,2,1.5347103188931501,-0.21399747619440676,VIP Customers
9,6,1064.07,4,4,3,443,2,1.7249699709366688,-0.18298020598889253,VIP Customers
6,4,1387.79,4,3,3,433,2,1.4136320426818123,-0.2999442494006631,VIP Customers
10,1,329.85,4,1,2,412,0,-0.4881333478679636,-1.2752620592764023,Regular Customers
306,1,108.07,1,1,1,111,1,-2.049836118509195,1.138827212261234,Lost Customers
7,2,266.39,4,2,1,421,0,-0.2227964101107964,-1.199746135358959,Regular Customers
8,8,1856.63,4,4,4,444,2,3.0640569995387033,0.5308763119765099,VIP Customers
89,1,769.8100000000001,2,1,3,213,0,-0.4536000428462937,-0.34871187801122305,Regular Customers
10,1,160.18,4,1,1,411,0,-0.6415511785528398,-1.3712034003156743,Regular Customers
358,2,1660.9,1,2,4,124,1,-0.5759480783384067,2.6001539622125494,Lost Customers
112,1,135.95,2,1,1,211,0,-1.1325108439137748,-0.5098076393643268,Regular Customers
7,4,405.47,4,3,2,432,0,0.5208069298562352,-0.8468260471565816,Regular Customers
198,1,144.8,1,1,1,111,1,-1.5199825790865586,0.23302339883322737,Lost Customers
212,1,738.6,1,1,3,113,1,-1.047440353034766,0.6889039750778962,Lost Customers
156,1,39.239999999999995,1,1,1,111,1,-1.4222928349224744,-0.18700038349155215,Lost Customers
30,2,372.21999999999997,3,2,2,322,0,-0.23286984936242236,-0.9425779104249223,Regular Customers
243,1,390.54,1,1,2,112,1,-1.5047153412198655,0.7580512932593684,Lost Customers
19,1,97.5,3,1,1,311,0,-0.7396140695769453,-1.3294319128180794,Regular Customers
1,2,1239.38,4,2,3,423,0,0.6845850704489123,-0.7010369682045086,Regular Customers
74,2,558.7,2,2,2,222,0,-0.2665877425833568,-0.4596384663697263,Regular Customers
292,1,505.82,1,1,2,112,1,-1.6258058802739064,1.2436269961715136,Lost Customers
31,3,409.5,3,3,2,332,0,0.10516337202887262,-0.7757801764402892,Regular Customers
23,2,503.76,3,2,2,322,0,-0.08173991695525215,-0.9282531655133339,Regular Customers
23,4,414.76,3,3,2,332,0,0.4556305072187307,-0.7043028484209771,Regular Customers
4,3,974.42,4,3,3,433,0,0.7401318649191663,-0.6879846453521186,Regular Customers
85,1,211.32,2,1,1,211,0,-0.940199856839366,-0.6988323092885661,Regular Customers
22,4,1226.89,3,3,3,333,2,1.1945675985657962,-0.2536564301161914,VIP Customers
196,3,455.88,1,3,2,132,1,-0.6116575217428857,0.6660435851664049,Lost Customers
107,3,534.85,2,3,2,232,0,-0.1309821898530052,-0.05286703070123837,Regular Customers
318,1,120.94999999999999,1,1,1,111,1,-2.0933722757423814,1.249062884601643,Lost Customers
106,3,149.05,2,3,1,231,0,-0.4752290550824346,-0.2796002945510768,Regular Customers
174,2,513.7,1,2,2,122,1,-0.7671308430467193,0.37285396068471793,Lost Customers
56,1,81.57,2,1,1,211,0,-0.9241639833418173,-1.0210025846992046,Regular Customers
323,1,229.46999999999997,1,1,1,111,1,-2.0182397495905406,1.3533233422655584,Lost Customers
372,1,50.550000000000004,1,1,1,111,1,-2.4053497722745134,1.6725411590826145,Lost Customers
9,8,1646.8400000000001,4,4,3,443,2,2.8697636055731928,0.4208281571337096,VIP Customers
73,3,789.89,2,3,3,233,0,0.2559785044317982,-0.20035143886223503,Regular Customers
7,1,204.0,4,1,1,411,0,-0.5881329566818241,-1.3721631512970616,Regular Customers
4,9,2616.38,4,4,4,444,2,4.078349709399631,1.0633039342053114,VIP Customers
64,2,689.9,2,2,3,223,0,-0.10196963724160113,-0.47124411910831876,Regular Customers
1,5,975.36,4,4,3,443,2,1.3726228175073754,-0.43891513394303344,VIP Customers
23,2,661.3199999999999,3,2,2,322,0,0.06072789351630501,-0.8391595267195124,Regular Customers
31,3,1247.5,3,3,3,333,0,0.8628939202337782,-0.30192596655692794,Regular Customers
11,2,752.4399999999999,4,2,3,423,0,0.19830220947659175,-0.890587516687762,Regular Customers
52,2,1010.1800000000001,2,2,3,223,0,0.24281414462159273,-0.3930916428034525,Regular Customers
357,1,190.55,1,1,1,111,1,-2.209781916335912,1.6230146380637769,Lost Customers
55,2,642.77,2,2,2,222,0,-0.10319838285040812,-0.5751086027721333,Regular Customers
74,2,921.88,2,2,3,223,0,0.06180435824845416,-0.2542752540243335,Regular Customers
138,3,881.07,2,3,3,233,0,0.03951986851046562,0.40886680399314557,Regular Customers
80,3,908.46,2,3,3,233,0,0.3310013016326578,-0.07324936225362352,Regular Customers
9,2,676.99,4,2,3,423,0,0.13927640399726174,-0.9504101205087967,Regular Customers
273,1,516.42,1,1,2,112,1,-1.528849054403266,1.086612624924082,Lost Customers
291,1,560.47,1,1,2,112,1,-1.5717921011634184,1.265949921752614,Lost Customers
99,1,305.28,2,1,1,211,0,-0.9196194890390532,-0.5255905018602448,Regular Customers
31,2,629.31,3,2,2,322,0,-0.005004247688426725,-0.7886248080954746,Regular Customers
14,4,1819.41,4,3,4,434,2,1.767120204656365,0.012753986321492602,VIP Customers
64,2,656.6800000000001,2,2,2,222,0,-0.13200759525039216,-0.4900286499583489,Regular Customers
212,1,348.15000000000003,1,1,2,112,1,-1.4004903441405003,0.468120709864342,Lost Customers
78,3,1214.41,2,3,3,233,0,0.616842359023675,0.08259389985554938,Regular Customers
25,3,271.40000000000003,3,3,1,331,0,0.007882758549215338,-0.9053462766597101,Regular Customers
250,1,183.4,1,1,1,111,1,-1.72420378131712,0.700977886931095,Lost Customers
254,1,307.53000000000003,1,1,2,112,1,-1.6303579541000417,0.8054857709471769,Lost Customers
72,1,248.61,2,1,1,211,0,-0.8467007950254747,-0.7892783100577526,Regular Customers
191,1,346.98,1,1,2,112,1,-1.3049790357901347,0.28729213107913637,Lost Customers
13,4,1105.59,4,3,3,433,2,1.126273369949402,-0.399460969564074,VIP Customers
373,1,205.86,1,1,1,111,1,-2.2695149763240203,1.7689418968751545,Lost Customers
24,2,470.8,3,2,2,322,0,-0.11614131469275142,-0.9383112965689328,Regular Customers
82,1,115.46000000000001,2,1,1,211,0,-1.0130821158433634,-0.778775301363638,Regular Customers
10,2,344.0,4,2,2,422,0,-0.1664160395372756,-1.1301227606232322,Regular Customers
192,1,228.8,1,1,1,111,1,-1.4164374708999754,0.2290456279874276,Lost Customers
267,1,177.15,1,1,1,111,1,-1.8080302101053347,0.8432932414084372,Lost Customers
130,1,919.61,2,1,3,213,0,-0.5066888659032467,0.08774840707259722,Regular Customers
1,4,728.02,4,3,3,433,0,0.840052064623105,-0.7159136965612407,Regular Customers
4,5,220.10000000000002,4,4,1,441,0,0.6759112528978176,-0.8402451670659644,Regular Customers
179,1,58.08,1,1,1,111,1,-1.5110237686709318,0.020978607889079088,Lost Customers
4,2,303.75,4,2,1,421,0,-0.17521940463763694,-1.204358748149232,Regular Customers
158,2,416.08,1,2,2,122,1,-0.7818235604127224,0.18038381402668233,Lost Customers
28,1,345.82,3,1,2,312,0,-0.5564666974844331,-1.1118028366883537,Regular Customers
71,5,477.83,2,4,2,242,0,0.6008522326484963,-0.1196910524654749,Regular Customers
71,1,74.39999999999999,2,1,1,211,0,-0.9996252178984889,-0.896366213204464,Regular Customers
99,1,207.36,2,1,1,211,0,-1.008160032332877,-0.5809601966475704,Regular Customers
234,1,101.19,1,1,1,111,1,-1.724962575356348,0.5172214555168573,Lost Customers
40,1,243.94,3,1,1,311,0,-0.7037703460207159,-1.0664591800116852,Regular Customers
3,6,1098.48,4,4,3,443,2,1.7836751532455895,-0.214999063073494,VIP Customers
133,1,76.5,2,1,1,211,0,-1.2828355482452638,-0.363257153900278,Regular Customers
44,4,1531.6200000000001,3,3,3,333,2,1.3689406730052758,0.10740210676609889,VIP Customers
373,1,350.06,1,1,2,112,1,-2.1391274523966373,1.8504810103180909,Lost Customers
60,2,786.54,2,2,3,223,0,0.003807653831531504,-0.45091573353496195,Regular Customers
31,7,1488.67,3,4,3,343,2,2.316653758905193,0.38299790051180543,VIP Customers
12,4,2294.78,4,3,4,434,2,2.2061530394660878,0.2643972248488506,VIP Customers
138,1,501.14,2,1,2,212,0,-0.9218631880856252,-0.08024396016437195,Regular Customers
22,8,984.91,3,4,3,343,2,2.211456895035301,0.1580661702399571,VIP Customers
20,5,1197.81,3,4,3,343,2,1.4863928463612612,-0.15012066291837348,VIP Customers
239,1,30.6,1,1,1,111,1,-1.8117836512199974,0.5202026440492584,Lost Customers
269,1,283.73,1,1,1,111,1,-1.7208562519224022,0.9207185678472155,Lost Customers
94,2,922.39,2,2,3,223,0,-0.029705195599076802,-0.0823992584272981,Regular Customers
5,8,2099.64,4,4,4,444,2,3.297585421764057,0.6425502364923383,VIP Customers
78,1,259.17,2,1,1,211,0,-0.8647435158155711,-0.7318307849320356,Regular Customers
94,1,64.0,2,1,1,211,0,-1.1147953416582963,-0.7049212279061592,Regular Customers
23,3,1073.3,3,3,3,333,0,0.7421682853700927,-0.4690638792383022,Regular Customers
262,1,77.3,1,1,1,111,1,-1.8753232089863683,0.7439353088038162,Lost Customers
274,2,109.8,1,2,1,121,1,-1.5921960124250467,1.002403337706777,Lost Customers
86,4,1793.58,2,3,4,234,2,1.4126698521577157,0.6158635960428566,VIP Customers
56,5,2607.61,2,4,4,244,2,2.5956051604333474,0.9559204095010274,VIP Customers
22,6,962.39,3,4,3,343,2,1.5732486298877968,-0.12894407702685365,VIP Customers
108,3,422.47,2,3,2,232,0,-0.23719618918768068,-0.10783387458373049,Regular Customers
85,5,2388.75,2,4,4,244,2,2.2643515704564288,1.0809662026832187,VIP Customers
19,1,307.09000000000003,3,1,2,312,0,-0.5501000533498974,-1.2109174690836477,Regular Customers
333,1,110.95,1,1,1,111,1,-2.1713924332721075,1.37209900858568,Lost Customers
40,4,618.52,3,3,2,332,0,0.5616978641447312,-0.4432355576457774,Regular Customers
26,1,228.91,3,1,1,311,0,-0.6529811766255477,-1.1950693492704436,Regular Customers
10,4,712.8,4,3,3,433,0,0.7849031256488859,-0.6473055493965044,Regular Customers
14,4,1676.06,4,3,4,434,2,1.6375012618339626,-0.06830448740974833,VIP Customers
296,1,1257.8700000000001,1,1,3,113,1,-0.9641865854806648,1.703197571679195,Lost Customers
6,1,486.22,4,1,2,412,0,-0.328347410441276,-1.2211588384329581,Regular Customers
33,4,971.76,3,3,3,333,0,0.9132918329922685,-0.30354866675430686,Regular Customers
49,4,1741.22,3,3,4,334,2,1.5354710557353406,0.2688191080278785,VIP Customers
95,4,1201.06,2,3,3,233,2,0.8355187109416207,0.35803256019367347,VIP Customers
9,4,1429.35,4,3,3,433,2,1.4374155322734872,-0.2507056530256706,VIP Customers
22,1,91.8,3,1,1,311,0,-0.7585636894222202,-1.3069168844133585,Regular Customers
313,1,112.75,1,1,1,111,1,-2.0777941472451573,1.2015292220874876,Lost Customers
122,4,1688.29,2,3,4,234,2,1.151917994058238,0.8651841734119211,VIP Customers
46,2,1021.48,3,2,3,323,0,0.28062296300567385,-0.43817824546132905,Regular Customers
283,1,417.2,1,1,2,112,1,-1.664550425936438,1.1163016399921135,Lost Customers
19,4,791.33,3,3,3,333,0,0.81452416148876,-0.5256856693241724,Regular Customers
36,4,1299.59,3,3,3,333,2,1.1959243966109343,-0.09243627006510206,VIP Customers
64,2,712.88,2,2,3,223,0,-0.08119082101517065,-0.4582498831380089,Regular Customers
27,1,108.81,3,1,1,311,0,-0.7661757008195811,-1.2544015326520999,Regular Customers
22,3,468.41,3,3,2,332,0,0.19981737979912076,-0.8196834424238751,Regular Customers
4,2,353.65000000000003,4,2,2,422,0,-0.13009917270992238,-1.1761423697802824,Regular Customers
16,3,2742.82,4,3,4,434,2,2.2839598269994354,0.4149247054303411,VIP Customers
46,1,481.49,3,1,2,312,0,-0.5165657432582689,-0.8806582335238867,Regular Customers
65,1,282.45,2,1,1,211,0,-0.7839124790378978,-0.8301988590669332,Regular Customers
45,1,121.18,3,1,1,311,0,-0.8377642174689117,-1.0929779606077026,Regular Customers
15,10,1668.95,4,4,4,444,2,3.4800099326110208,0.7590828499529433,VIP Customers
268,1,71.4,1,1,1,111,1,-1.9082492768211576,0.7920753872771703,Lost Customers
40,3,1575.89,3,3,3,333,2,1.118441632415511,-0.0390206295854831,VIP Customers
337,1,236.02,1,1,1,111,1,-2.076696645774226,1.4771384235770486,Lost Customers
11,1,114.6,4,1,1,411,0,-0.6873637451666469,-1.388397617443741,Regular Customers
19,2,260.68,3,2,1,321,0,-0.28314188821645175,-1.1000223362425732,Regular Customers
95,2,911.94,2,2,3,223,0,-0.04375275725054694,-0.0797289190002305,Regular Customers
61,1,112.08,2,1,1,211,0,-0.9195691183659487,-0.9608535433992521,Regular Customers
136,1,60.7,2,1,1,211,0,-1.3109177200438435,-0.3464532561874687,Regular Customers
11,4,1797.78,4,3,4,434,2,1.7613576814438354,-0.025215022460450605,VIP Customers
19,4,870.09,3,3,3,333,0,0.8857399824632448,-0.4811501590969487,Regular Customers
10,4,869.46,4,3,3,433,0,0.9265571443622278,-0.5587208232385958,Regular Customers
15,2,250.26000000000002,4,2,1,421,0,-0.27416964784835157,-1.1402319360034798,Regular Customers
59,6,1217.65,2,4,3,243,2,1.6339122571344862,0.33283193746227013,VIP Customers
94,1,353.48,2,1,2,212,0,-0.853043743693671,-0.5412323058571908,Regular Customers
10,3,1095.42,4,3,3,433,0,0.8219504349927331,-0.5680878852150429,Regular Customers
20,3,786.83,3,3,3,333,0,0.4969339741067431,-0.6567889130148865,Regular Customers
57,5,1520.58,2,4,3,243,2,1.6080998976047445,0.34982945384906255,VIP Customers
268,1,333.74,1,1,2,112,1,-1.6710380214320466,0.9404177660609424,Lost Customers
122,3,533.98,2,3,2,232,0,-0.20074688210216965,0.0753317292448926,Regular Customers
127,1,62.63999999999999,2,1,1,211,0,-1.2677767305686234,-0.4225706920243424,Regular Customers
78,4,819.2900000000001,2,3,3,233,0,0.5684923863712822,-0.003691995380258014,Regular Customers
240,2,847.41,1,2,3,123,1,-0.7688892195158503,1.1277922303374437,Lost Customers
200,2,163.2,1,2,1,121,1,-1.203619435482017,0.3977246572218772,Lost Customers
60,2,2155.95,2,2,4,224,2,1.2420460667399797,0.32342876951560334,VIP Customers
273,1,108.21000000000001,1,1,1,111,1,-1.897957869537782,0.8557868170285131,Lost Customers
202,1,257.7,1,1,1,111,1,-1.4362910645858773,0.33118118407008484,Lost Customers
81,1,358.0,2,1,2,212,0,-0.7891757440094631,-0.650208381158451,Regular Customers
226,1,160.95,1,1,1,111,1,-1.6341385216066449,0.48237820983346763,Lost Customers
13,7,1328.35,4,4,3,443,2,2.254463952634576,0.13791474570816803,VIP Customers
74,2,605.12,2,2,2,222,0,-0.2246141721207414,-0.43338988352630664,Regular Customers
212,1,1031.07,1,1,3,113,1,-0.7829851580067366,0.8542836179950641,Lost Customers
25,2,744.85,3,2,3,323,0,0.12705974055827912,-0.7747680183449484,Regular Customers
17,4,700.73,4,3,3,433,0,0.7417995280794724,-0.5940749691830746,Regular Customers
262,1,329.56,1,1,2,112,1,-1.6472264212892684,0.8865778660653637,Lost Customers
96,4,663.65,2,3,2,232,0,0.3449870327244499,0.06272889670888418,Regular Customers
112,3,270.40000000000003,2,3,1,231,0,-0.3930940104362285,-0.15950562394447956,Regular Customers
203,1,585.12,1,1,2,112,1,-1.1448321580726801,0.5249029816037052,Lost Customers
93,1,121.74000000000001,2,1,1,211,0,-1.057987544177936,-0.6808510356084246,Regular Customers
51,1,430.5,3,1,2,312,0,-0.5856642430541185,-0.8665940586982708,Regular Customers
18,6,1961.52,4,4,4,444,2,2.495069169707284,0.4017049360854468,VIP Customers
18,4,501.12,4,3,2,432,0,0.5567110231124414,-0.6983667566552155,Regular Customers
125,2,465.68,2,2,2,222,0,-0.5852229332620555,-0.07468900457020211,Regular Customers
92,3,711.41,2,3,3,233,0,0.09764369573043113,-0.08172038953232437,Regular Customers
157,2,1030.4,1,2,3,123,0,-0.22174885539073144,0.5191768895426523,Regular Customers
9,2,399.51,4,2,2,422,0,-0.1116246371911598,-1.107313540745593,Regular Customers
12,3,672.83,4,3,3,433,0,0.43064196573701397,-0.7898862249385301,Regular Customers
62,1,283.18,2,1,1,211,0,-0.7694567981241008,-0.855524216138862,Regular Customers
61,1,557.62,2,1,2,212,0,-0.5167060295267917,-0.7089191702829839,Regular Customers
269,2,944.1,1,2,3,123,1,-0.8148183769318408,1.4312684482555476,Lost Customers
263,1,200.29,1,1,1,111,1,-1.7687125792864509,0.8220604283822391,Lost Customers
53,5,2092.66,2,4,4,244,2,2.1437762481510756,0.6389994212206834,VIP Customers
366,1,590.0,1,1,2,112,1,-1.8899808237777587,1.9261014549329687,Lost Customers
37,1,211.49,3,1,1,311,0,-0.7193164545931228,-1.1105464495942703,Regular Customers
31,2,276.56,3,2,1,321,0,-0.3239654062555871,-0.9880902884491211,Regular Customers
113,1,138.98,2,1,1,211,0,-1.1343696134533092,-0.49951491956825256,Regular Customers
64,2,590.9300000000001,2,2,2,222,0,-0.19145960425334269,-0.5272075453042092,Regular Customers
16,4,258.4,4,3,1,431,0,0.3464374983034757,-0.8527736011530878,Regular Customers
41,1,542.73,3,1,2,312,0,-0.4381990595494118,-0.8889264588849389,Regular Customers
78,1,137.75,2,1,1,211,0,-0.9745330661294608,-0.8004887541015316,Regular Customers
122,3,798.46,2,3,3,233,0,0.03839938924536428,0.22488418918516875,Regular Customers
18,3,1132.14,4,3,3,433,0,0.8183648577237093,-0.4786892049617888,Regular Customers
60,2,93.66,2,2,1,221,0,-0.6227034944264815,-0.8427106081697869,Regular Customers
331,1,201.19,1,1,1,111,1,-2.0805991760640024,1.4059672210362133,Lost Customers
23,4,2709.12,3,3,4,334,2,2.5302207943063286,0.5930624797269809,VIP Customers
156,1,361.11,1,1,2,112,1,-1.1312537757927452,-0.004996261134562277,Lost Customers
39,2,578.9399999999999,3,2,2,322,0,-0.08733774076075036,-0.7484719072440604,Regular Customers
190,2,873.74,1,2,3,123,1,-0.5151545332464307,0.7137117228052735,Lost Customers
360,1,201.20000000000002,1,1,1,111,1,-2.213947652573609,1.6547749126875828,Lost Customers
137,1,87.4,2,1,1,211,0,-1.291373766342316,-0.32277613406688466,Regular Customers
8,4,2089.85,4,3,4,434,2,2.039246796622569,0.11420029529747544,VIP Customers
1,1,360.0,4,1,2,412,0,-0.41948450783801755,-1.335427911269828,Regular Customers
268,1,142.5,1,1,1,111,1,-1.8439597279221493,0.8322794855142909,Lost Customers
169,1,371.89,1,1,2,112,1,-1.1812873155872934,0.11263132897721752,Lost Customers
104,4,618.09,2,3,2,232,0,0.26700280449325464,0.10560165287001082,Regular Customers
155,1,63.75,1,1,1,111,1,-1.3955320375815519,-0.1817203766286912,Lost Customers
351,1,300.42,1,1,1,111,1,-2.0828448161659625,1.6336652782080519,Lost Customers
4,10,2000.86,4,4,4,444,2,3.8307111772909597,0.8523909890192739,VIP Customers
120,1,15.0,2,1,1,211,0,-1.278663695091471,-0.5095647983381724,Regular Customers
23,3,1385.51,3,3,3,333,0,1.0244726462949776,-0.2925220858401109,Regular Customers
7,5,1456.79,4,4,3,443,2,1.7803469024848728,-0.1152101722925214,VIP Customers
28,3,1132.03,3,3,3,333,0,0.7722800430313341,-0.39295759951005804,Regular Customers
4,2,598.57,4,2,2,422,0,0.0913606910923992,-1.037650277793847,Regular Customers
22,5,1555.3200000000002,3,4,3,343,2,1.800460988865264,0.06919516099776978,VIP Customers
2,3,775.94,4,3,3,433,0,0.5698607260918058,-0.8173756065024491,Regular Customers
66,6,2273.68,2,4,4,244,2,2.556598633953688,0.9900287248074637,VIP Customers
1,3,640.76,4,3,2,432,0,0.4522277391333948,-0.9023936650050703,Regular Customers
78,4,1532.2,2,3,3,233,2,1.213114922314909,0.3994290126960511,VIP Customers
72,2,567.36,2,2,2,222,0,-0.24956018719214437,-0.4719003570722771,Regular Customers
17,1,199.48000000000002,4,1,1,411,0,-0.638205350989454,-1.288925217761304,Regular Customers
3,5,787.85,4,4,3,443,2,1.1938767554974905,-0.5277854931660663,VIP Customers
82,1,675.3,2,1,3,213,0,-0.5068674737108644,-0.4622090234864293,Regular Customers
316,1,1308.48,1,1,3,113,1,-1.0103950647875446,1.9034030373420496,Lost Customers
32,2,789.0,3,2,3,323,0,0.13479100148538076,-0.6897473621414918,Regular Customers
93,3,1140.93,2,3,3,233,0,0.4814227561478301,0.16973471925319492,Regular Customers
14,1,350.9,4,1,2,412,0,-0.4874938033584766,-1.22904163582688,Regular Customers
77,1,795.12,2,1,3,213,0,-0.3755319886728386,-0.43735269083439393,Regular Customers
158,1,487.02,1,1,2,112,1,-1.026601379069478,0.08335937780665673,Lost Customers
201,1,860.12,1,1,3,113,1,-0.8869764950336222,0.6632453036223174,Lost Customers
261,1,775.85,1,1,3,113,1,-1.2390866375260727,1.1303569524563915,Lost Customers
178,1,353.43,1,1,2,112,1,-1.2393659048910872,0.17940739065266725,Lost Customers
68,3,2511.69,2,3,4,234,2,1.8358452348317509,0.7303580765451072,VIP Customers
288,1,389.5,1,1,2,112,1,-1.7125898034558056,1.1435353429181871,Lost Customers
70,1,341.35999999999996,2,1,2,212,0,-0.7536379630250134,-0.7539907968115065,Regular Customers
64,1,233.76000000000002,2,1,1,211,0,-0.8233400780318192,-0.8663104132583229,Regular Customers
11,1,247.32,4,1,1,411,0,-0.5673565872218319,-1.313349967401116,Regular Customers
16,2,979.12,4,2,3,423,0,0.38027655135145344,-0.719512484513324,Regular Customers
66,1,373.94,2,1,2,212,0,-0.705784560875516,-0.7698856817454625,Regular Customers
60,1,397.97999999999996,2,1,2,212,0,-0.6564560680473649,-0.8077683433127494,Regular Customers
71,1,743.53,2,1,3,213,0,-0.3945891299267127,-0.5180009775728964,Regular Customers
122,1,674.7,2,1,3,213,0,-0.6913514065707137,-0.11937307503700184,Regular Customers
80,1,768.24,2,1,3,213,0,-0.4136328412281132,-0.42681407312815706,Regular Customers
257,1,609.4,1,1,2,112,1,-1.3711987616405636,1.0019188653827156,Lost Customers
269,1,439.03,1,1,2,112,1,-1.5804319629770303,1.008534270466411,Lost Customers
64,1,439.56,2,1,2,212,0,-0.6372530293199223,-0.749939057179569,Regular Customers
18,2,992.5,4,2,3,423,0,0.38317785190586884,-0.6947878888157502,Regular Customers
71,1,134.96,2,1,1,211,0,-0.9448660747012464,-0.862122047392368,Regular Customers
34,2,2225.37,3,2,4,324,2,1.4243784509539947,0.13961900219799644,VIP Customers
50,1,56.16,3,1,1,311,0,-0.9195488265622732,-1.0868471683174847,Regular Customers
257,2,623.4,1,2,2,122,1,-1.0496170852695783,1.1469733452632336,Lost Customers
366,1,308.28000000000003,1,1,2,112,1,-2.1447157283604388,1.7668004907225383,Lost Customers
372,1,754.87,1,1,3,113,1,-1.7684944265565194,2.070804878778377,Lost Customers
90,1,378.64,2,1,2,212,0,-0.8118996024841262,-0.5613228927450067,Regular Customers
89,1,778.65,2,1,3,213,0,-0.4456067993544902,-0.34371322500958956,Regular Customers
99,3,1019.76,2,3,3,233,0,0.3442680483469553,0.1526943982357911,Regular Customers
26,3,572.56,3,3,2,332,0,0.2755970299838198,-0.72647341892506,Regular Customers
281,1,222.99,1,1,1,111,1,-1.8309605749775995,0.9893251865699478,Lost Customers
330,1,534.57,1,1,2,112,1,-1.7745540894342382,1.5859003899595439,Lost Customers
131,2,677.1,2,2,3,223,0,-0.42164541787979254,0.0963365117215912,Regular Customers
11,3,797.96,4,3,3,433,0,0.5483846816464062,-0.7277097853806049,Regular Customers
75,1,544.08,2,1,2,212,0,-0.5933285661799721,-0.5964641499220389,Regular Customers
204,1,59.8,1,1,1,111,1,-1.6244319003378254,0.23643571119467957,Lost Customers
2,8,2520.02,4,4,4,444,2,3.691494115272351,0.8545195323769162,VIP Customers
185,1,307.72,1,1,2,112,1,-1.3128872299564591,0.21361594745264087,Lost Customers
29,2,1360.99,3,2,3,323,0,0.6657874377303644,-0.3920489054449613,Regular Customers
73,5,1544.13,2,4,3,243,2,1.5558175532696292,0.5004160905714651,VIP Customers
192,1,457.34,1,1,2,112,1,-1.2097886170971721,0.3582755100002479,Lost Customers
127,2,621.23,2,2,2,222,0,-0.4537696613015646,0.030426823847082323,Regular Customers
18,1,75.0,4,1,1,411,0,-0.7553603284068018,-1.3507341093044032,Regular Customers
1,2,252.49,4,2,1,421,0,-0.20777376095674333,-1.2590822918223972,Regular Customers
74,3,572.451,2,3,2,232,0,0.05476878473452236,-0.3147247856518108,Regular Customers
24,5,1003.06,3,4,3,343,2,1.2919032115120153,-0.22592618039108187,VIP Customers
107,1,213.55,2,1,1,211,0,-1.039351234466693,-0.508824963921451,Regular Customers
134,3,1390.5,2,3,3,233,0,0.5185472705543656,0.662610797320384,Regular Customers
44,2,712.5,3,2,3,323,0,0.010436280530769159,-0.630052369132079,Regular Customers
5,2,640.83,4,2,2,422,0,0.12497420008040454,-1.005174621656813,Regular Customers
64,1,221.06,2,1,1,211,0,-0.8348235839533016,-0.8734917360095386,Regular Customers
150,2,159.85,1,2,1,121,0,-0.9767217929724082,-0.03313865812573263,Regular Customers
40,2,1833.71,3,2,4,324,2,1.0426431512868375,-0.030372184250613,VIP Customers
64,1,2626.3,2,1,4,214,2,1.3400258477464206,0.486571628882891,VIP Customers
108,3,1624.21,2,3,3,233,2,0.8494328191652588,0.5717002043962583,VIP Customers
19,3,582.6,3,3,2,332,0,0.3168650750319256,-0.7808518798617154,Regular Customers
10,1,201.78,4,1,1,411,0,-0.6039359150619997,-1.3476803273668108,Regular Customers
11,4,1006.8,4,3,3,433,0,1.0461432315403556,-0.4724813744097837,Regular Customers
19,2,679.4499999999999,3,2,3,323,0,0.09551541688112368,-0.8632252867522925,Regular Customers
67,2,1269.1,2,2,3,223,0,0.4079549644465957,-0.1179924232086361,Regular Customers
74,2,534.24,2,2,2,222,0,-0.28870479414551914,-0.4734695808968707,Regular Customers
2,1,196.89,4,1,1,411,0,-0.5715692359440949,-1.419080464063278,Regular Customers
255,1,283.71,1,1,1,111,1,-1.6564948444263323,0.8005959304385157,Lost Customers
92,1,296.64,2,1,1,211,0,-0.8952421440392382,-0.5905317272845152,Regular Customers
23,3,1129.14,3,3,3,333,0,0.7926595429020283,-0.4374886774723273,Regular Customers
24,1,291.88,3,1,1,311,0,-0.5868458096913658,-1.1766211896880716,Regular Customers
27,6,2043.72,3,4,4,344,2,2.528008667494547,0.5254000487953348,VIP Customers
26,5,2898.2599999999998,3,4,4,344,2,2.996370741449432,0.8628895003216552,VIP Customers
259,2,590.0,1,2,2,122,1,-1.0890148718810644,1.1452457930630229,Lost Customers
166,2,356.97999999999996,1,2,2,122,1,-0.8720508335397343,0.21560026230974125,Lost Customers
25,2,1058.34,3,2,3,323,0,0.41052149420595896,-0.5975024380867922,Regular Customers
18,6,1766.72,4,4,4,444,2,2.3189284647069073,0.2915536233345174,VIP Customers
29,2,183.44,3,2,1,321,0,-0.3989686565878774,-1.0579045436885797,Regular Customers
39,3,1445.0,3,3,3,333,2,1.004687719504593,-0.12161287119025269,VIP Customers
253,1,151.5,1,1,1,111,1,-1.7668437834571067,0.7086779030459065,Lost Customers
58,1,674.68,2,1,3,213,0,-0.3970632427983448,-0.6684647418707464,Regular Customers
184,1,307.90000000000003,1,1,2,112,1,-1.3081259364792903,0.20513834939132253,Lost Customers
11,2,1071.91,4,2,3,423,0,0.4871711572510801,-0.7099404946932065,Regular Customers
99,2,165.0,2,2,1,221,0,-0.7375398042874625,-0.4677749569448879,Regular Customers
1,4,2501.84,4,3,4,434,2,2.4439632830202718,0.2871078721443725,VIP Customers
61,2,422.64,2,2,2,222,0,-0.3298340155323776,-0.6481066954005842,Regular Customers
236,1,226.84,1,1,1,111,1,-1.6205452740298982,0.6054300752521456,Lost Customers
191,4,1431.78,1,3,3,133,2,0.6026793771749404,1.312115678198458,VIP Customers
179,2,1238.47,1,2,3,123,1,-0.13477701578357423,0.8255782093278953,Lost Customers
38,6,1454.58,3,4,3,343,2,1.9447166961860307,0.2866390238002485,VIP Customers
201,2,300.95,1,2,1,121,1,-1.0836626209473692,0.48419594402927196,Lost Customers
46,5,1804.56,3,4,4,344,2,1.9154622100943954,0.4160351677606086,VIP Customers
232,1,184.64,1,1,1,111,1,-1.640308924857445,0.5472502048586697,Lost Customers
66,1,140.34,2,1,1,211,0,-0.9170087327856185,-0.901976783689082,Regular Customers
241,1,313.8,1,1,2,112,1,-1.5649075815526374,0.6974992479935251,Lost Customers
233,1,454.24,1,1,2,112,1,-1.4011316177442565,0.7082771928273068,Lost Customers
78,3,1122.41,2,3,3,233,0,0.5336547570727785,0.03057171929556225,Regular Customers
58,3,575.4,2,3,2,232,0,0.13101187107069012,-0.45032733799748387,Regular Customers
105,4,449.52,2,3,2,232,0,0.10998107305400442,0.018861696752022174,Regular Customers
52,10,1215.82,2,4,3,243,2,2.900138066966454,0.8202937287150094,VIP Customers
136,3,1269.84,2,3,3,233,0,0.40024785191858325,0.6115413377759938,Regular Customers
275,2,618.63,1,2,2,122,1,-1.136703813847587,1.2987049588859114,Lost Customers
312,1,316.26000000000005,1,1,2,112,1,-1.8891792113258599,1.3080262976485841,Lost Customers
8,5,2044.87,4,4,4,444,2,2.307497986438513,0.225904033771167,VIP Customers
11,2,653.33,4,2,2,422,0,0.10868565263579447,-0.9466301070714612,Regular Customers
283,2,348.05,1,2,2,122,1,-1.418154065893899,1.2143382468991215,Lost Customers
18,5,1159.1100000000001,4,4,3,443,2,1.460596871009056,-0.18916266743963073,VIP Customers
23,3,1166.77,3,3,3,333,0,0.8266850805260743,-0.4162104747063239,Regular Customers
288,1,1340.32,1,1,3,113,1,-0.8528459372932897,1.6811845790056545,Lost Customers
17,3,292.0,4,3,1,431,0,0.06329782868590655,-0.962332876590155,Regular Customers
71,1,216.85,2,1,1,211,0,-0.8708200668343017,-0.8158166521091359,Regular Customers
64,1,295.93,2,1,1,211,0,-0.7671251518004361,-0.8311558592864272,Regular Customers
316,2,458.52,1,2,2,122,1,-1.4700173077806526,1.5599240050855405,Lost Customers
3,4,2479.16,4,3,4,434,2,2.414258660462194,0.2914420348963688,VIP Customers
244,1,110.97,1,1,1,111,1,-1.7621047228390017,0.6085454453787865,Lost Customers
9,7,979.72,4,4,3,443,2,1.9576222923960165,-0.09353856804396939,VIP Customers
1,4,1791.56,4,3,4,434,2,1.8017188274367628,-0.11452598011810229,VIP Customers
261,1,251.21,1,1,1,111,1,-1.7134729797817072,0.8336948132282215,Lost Customers
127,1,205.1,2,1,1,211,0,-1.1389625373737895,-0.34201547634417095,Regular Customers
74,1,152.20000000000002,2,1,1,211,0,-0.943073046842678,-0.8266354013567112,Regular Customers
73,4,891.12,2,3,3,233,0,0.6564346864351392,-0.00597201539206824,Regular Customers
21,3,1389.41,3,3,3,333,0,1.037196147498296,-0.3074755589281568,Regular Customers
60,3,2128.42,2,3,4,234,2,1.5260757745346532,0.4449997585411622,VIP Customers
86,1,627.16,2,1,2,212,0,-0.5687904311468396,-0.4551126725689233,Regular Customers
78,1,122.75,2,1,1,211,0,-0.9880962620997157,-0.808970631366747,Regular Customers
1,3,1071.73,4,3,3,433,0,0.8419164436201111,-0.6586980220057478,Regular Customers
30,1,125.80000000000001,3,1,1,311,0,-0.7646087262271836,-1.21905625123753,Regular Customers
41,5,680.1800000000001,3,4,3,343,0,0.9217758000530141,-0.26265194581274753,Regular Customers
15,2,628.78,4,2,2,422,0,0.06809308139570668,-0.9261945905081934,Regular Customers
34,7,2242.36,3,4,4,344,2,2.9843544982500414,0.8349164473453161,VIP Customers
79,2,307.76,2,2,2,222,0,-0.5164836446627039,-0.5586377154894301,Regular Customers
205,2,483.8,1,2,2,122,1,-0.936721402572066,0.62190755024625,Lost Customers
34,1,210.31,3,1,1,311,0,-0.7065878206328716,-1.1369518323713033,Regular Customers
183,3,269.09,1,3,1,131,1,-0.7207745234633086,0.44888964722458885,Lost Customers
43,7,1280.85,3,4,3,343,2,2.073557778296323,0.3684368853566799,VIP Customers
86,3,631.34,2,3,2,232,0,0.05283456639436657,-0.17847293390504898,Regular Customers
40,2,276.06,3,2,1,321,0,-0.3658043289176627,-0.9111585923947869,Regular Customers
12,3,621.09,4,3,2,432,0,0.3838579817702815,-0.8191430469186793,Regular Customers
96,2,678.16,2,2,3,223,0,-0.2597382226378186,-0.2033424228825318,Regular Customers
26,7,918.2,3,4,3,343,2,1.8238200075227362,0.017523896003476147,VIP Customers
319,1,91.80000000000001,1,1,1,111,1,-2.124328621703436,1.2411591503714088,Lost Customers
28,2,584.0600000000001,3,2,2,322,0,-0.03212428348878419,-0.8399499462777101,Regular Customers
6,4,594.52,4,3,2,432,0,0.6963469448602068,-0.7485055012791523,Regular Customers
7,1,171.42000000000002,4,1,1,411,0,-0.6175922183292176,-1.3905857887171091,Regular Customers
216,1,141.85999999999999,1,1,1,111,1,-1.6054145977561962,0.3857898014822614,Lost Customers
82,3,1799.33,2,3,4,234,2,1.1273405243163364,0.44765939887420164,VIP Customers
84,2,777.53,2,2,3,223,0,-0.11470414889389174,-0.250105380354913,Regular Customers
144,3,1724.67,1,3,4,134,2,0.7747227991244439,0.9373638649198593,VIP Customers
19,2,240.22,3,2,1,321,0,-0.3016420875198794,-1.111591616832327,Regular Customers
41,2,856.84,3,2,3,323,0,0.15474599966378633,-0.5741722332668365,Regular Customers
173,1,187.05,1,1,1,111,1,-1.3668161989655245,0.04242950508439469,Lost Customers
17,2,338.62,4,2,2,422,0,-0.20347045170395553,-1.0731092631495163,Regular Customers
243,1,239.49,1,1,1,111,1,-1.641296724640332,0.6726387891986504,Lost Customers
206,1,1384.25,1,1,3,113,1,-0.4360439770686063,1.0025159619659747,Lost Customers
50,2,290.25,3,2,1,321,0,-0.3989588967850614,-0.8173409306168843,Regular Customers
23,5,732.0699999999999,3,4,3,343,0,1.0514690482389164,-0.3877391556529623,Regular Customers
25,4,1687.6000000000001,3,3,4,334,2,1.5973519942196264,0.032594089973134,VIP Customers
15,2,467.04,4,2,2,422,0,-0.07815433968622815,-1.0176518457665884,Regular Customers
309,1,118.0,1,1,1,111,1,-2.0546528881534645,1.1701803567763094,Lost Customers
156,1,781.03,1,1,3,113,1,-0.7515566256707836,0.23245106561271822,Lost Customers
307,1,142.4,1,1,1,111,1,-2.0233930191241307,1.166818782617391,Lost Customers
64,1,712.4,2,1,3,213,0,-0.39054753675163306,-0.5956593643101462,Regular Customers
16,9,2478.95,4,4,4,444,2,3.8989012864138437,1.0885455417634196,VIP Customers
15,2,379.65,4,2,2,422,0,-0.15717351940893307,-1.0670672627137328,Regular Customers
11,6,1981.92,4,4,4,444,2,2.5457048621055125,0.35318462504663334,VIP Customers
65,3,1117.13,2,3,3,233,0,0.5886614687230866,-0.08394584915230525,Regular Customers
36,4,247.95999999999998,3,3,1,331,0,0.24502681139765886,-0.6870893759596596,Regular Customers
108,5,2011.88,2,4,4,244,2,1.817814484882001,1.065187617222627,VIP Customers
53,1,396.97,2,1,2,212,0,-0.6251795773640135,-0.8683951205014468,Regular Customers
6,2,664.11,4,2,2,422,0,0.14142574510071415,-0.9834313675526977,Regular Customers
47,1,160.04,3,1,1,311,0,-0.8118235680263568,-1.0538454827289498,Regular Customers
312,1,219.52,1,1,1,111,1,-1.9766527832033571,1.253323843872789,Lost Customers
45,2,693.32,3,2,3,323,0,-0.011505061175389351,-0.6323184822733666,Regular Customers
65,1,428.89,2,1,2,212,0,-0.6514995178456229,-0.747393118619058,Regular Customers
26,1,164.34,3,1,1,311,0,-0.7113662142121714,-1.2315810036047736,Regular Customers
29,3,276.75,3,3,1,331,0,-0.005673842056831015,-0.8680035514144464,Regular Customers
40,1,675.51,3,1,3,313,0,-0.3135391136951897,-0.8224242619217541,Regular Customers
12,7,1082.33,4,4,3,443,2,2.0366079895866287,-0.009778731199550732,VIP Customers
89,3,1154.4,2,3,3,233,0,0.5119966466312229,0.14303392268335466,Regular Customers
24,4,1585.46,3,3,3,333,2,1.5095942069183634,-0.03374122020663971,VIP Customers
319,1,417.69,1,1,2,112,1,-1.8296546260536786,1.4254364158354764,Lost Customers
40,3,544.18,3,3,2,332,0,0.18555597145073385,-0.6224098024718347,Regular Customers
174,1,177.34,1,1,1,111,1,-1.3801946429491287,0.04551828378987962,Lost Customers
117,1,213.85,2,1,1,211,0,-1.0850653218025477,-0.4228615204911377,Regular Customers
31,5,727.74,3,4,3,343,0,1.0107655246646285,-0.32155254618218054,Regular Customers
253,1,257.23,1,1,1,111,1,-1.6712413361281035,0.7684638285959874,Lost Customers
59,5,1638.47,2,4,3,243,2,1.7055005055492491,0.4336501157458131,VIP Customers
5,7,2031.78,4,4,4,444,2,2.92730282972921,0.46704016264485393,VIP Customers
25,5,2118.93,3,4,4,344,2,2.296288908875043,0.4136313591264719,VIP Customers
33,5,1547.36,3,4,3,343,2,1.7426795664895964,0.15906729793587202,VIP Customers
68,1,1071.03,2,1,3,213,0,-0.08466374586623665,-0.35855146571453184,Regular Customers
37,5,949.12,3,4,3,343,2,1.1833490021711408,-0.14489506338628438,VIP Customers
52,3,804.3,2,3,3,233,0,0.36557745232993527,-0.37237017446130377,Regular Customers
16,1,122.64,4,1,1,411,0,-0.7030865477542203,-1.3409544282870811,Regular Customers
74,1,1033.34,2,1,3,213,0,-0.1463347470273196,-0.3283873124585908,Regular Customers
216,1,312.28,1,1,2,112,1,-1.451318607272807,0.4821552363847942,Lost Customers
31,3,519.44,3,3,2,332,0,0.20457255636019406,-0.7136136706711045,Regular Customers
16,4,2624.26,4,3,4,434,2,2.4856790195159557,0.48502200862573,VIP Customers
120,1,252.1,2,1,1,211,0,-1.0642747774549757,-0.37549459169933597,Regular Customers
10,4,1648.1200000000001,4,3,3,433,2,1.630631689308805,-0.11842091981642626,VIP Customers
257,2,346.6,1,2,2,122,1,-1.2999032615740147,0.9904544367957941,Lost Customers
17,6,1836.3400000000001,4,4,4,444,2,2.3864783133957097,0.32234146242630257,VIP Customers
35,2,94.2,3,2,1,321,0,-0.5072518412334028,-1.0568897753007618,Regular Customers
46,3,1095.08,3,3,3,333,0,0.6560957380318052,-0.2594224399136889,Regular Customers
43,6,2707.33,3,4,4,344,2,3.0544769373408536,1.0379140430093172,VIP Customers
114,2,932.97,2,2,3,223,0,-0.11210932388524324,0.09517090410711843,Regular Customers
165,2,379.65,1,2,2,122,1,-0.8469537882378299,0.21983982556140236,Lost Customers
11,2,382.14,4,2,2,422,0,-0.13652788837576682,-1.0999767934417104,Regular Customers
10,5,2639.17,4,4,4,444,2,2.835674740528959,0.579114772195999,VIP Customers
206,2,1563.0,1,2,3,123,1,0.034506801709011777,1.2407297271427742,Lost Customers
86,3,881.26,2,3,3,233,0,0.27881549552010637,-0.0371535494968752,Regular Customers
179,1,189.47,1,1,1,111,1,-1.3922192141021459,0.09527419814752162,Lost Customers
60,3,84.65,2,3,1,231,0,-0.3219277606738672,-0.7106673280141091,Regular Customers
149,1,299.05,1,1,1,111,1,-1.1551794927083312,-0.100144278792686,Lost Customers
51,2,218.55,3,2,1,321,0,-0.4683895086484057,-0.8493049233561125,Regular Customers
75,1,349.7,2,1,2,212,0,-0.7690895016931816,-0.7063779701095422,Regular Customers
301,2,186.39000000000001,1,2,1,121,1,-1.647102782190127,1.2773550789124908,Lost Customers
19,2,387.44,3,2,2,322,0,-0.16852384013715127,-1.0283448187666606,Regular Customers
151,2,486.82000000000005,1,2,2,122,0,-0.6856697823383185,0.16032868308993142,Regular Customers
152,1,232.6,1,1,1,111,1,-1.2290600562331384,-0.11198085331208704,Lost Customers
18,4,827.83,4,3,3,433,0,0.8521264734752393,-0.5136258152339828,Regular Customers
187,1,59.5,1,1,1,111,1,-1.5465280671232888,0.09041660364485987,Lost Customers
286,1,65.13,1,1,1,111,1,-1.9966923249961916,0.9429588131733264,Lost Customers
183,1,72.0,1,1,1,111,1,-1.5168312633126393,0.06316731234520241,Lost Customers
63,1,910.0,2,1,3,213,0,-0.20727650004461617,-0.4925041483915444,Regular Customers
59,1,172.25,2,1,1,211,0,-0.855965548012881,-0.9439886675730536,Regular Customers
25,3,1488.32,3,3,3,333,2,1.1082377212240526,-0.21722853788732352,VIP Customers
39,1,151.29999999999998,3,1,1,311,0,-0.7829381092074841,-1.1274226345901557,Regular Customers
155,1,308.58000000000004,1,1,2,112,1,-1.1741535529550517,-0.043279175905847116,Lost Customers
26,10,2248.63,3,4,4,344,2,3.953580275566058,1.18124101063312,VIP Customers
318,1,99.5,1,1,1,111,1,-2.112767645979846,1.236933800112385,Lost Customers
5,9,2308.06,4,4,4,444,2,3.7949642021708394,0.8975411548997337,VIP Customers
8,3,711.86,4,3,3,433,0,0.4843275421537211,-0.8021339026484434,Regular Customers
303,1,330.79,1,1,2,112,1,-1.8346541793662727,1.239027984129648,Lost Customers
267,2,806.41,1,2,3,123,1,-0.9301224035570818,1.3362517083687127,Lost Customers
271,1,285.33,1,1,1,111,1,-1.7286065812699605,0.9387820625991734,Lost Customers
32,1,180.48,3,1,1,311,0,-0.7243634261013331,-1.1709782201363965,Regular Customers
219,2,252.06,1,2,1,121,1,-1.2106432299392207,0.6109795293225297,Lost Customers
247,1,228.84,1,1,1,111,1,-1.669320734281317,0.7009341786943512,Lost Customers
281,5,1077.39,1,4,3,143,1,0.17728984134977505,2.021005159995213,Lost Customers
269,1,138.28,1,1,1,111,1,-1.8523740421806405,0.8384726312988444,Lost Customers
32,6,1445.01,3,4,3,343,2,1.9636545879101641,0.22975130257403578,VIP Customers
246,2,306.55,1,2,2,122,1,-1.2855331084338095,0.8734346380241594,Lost Customers
15,5,1041.68,4,4,3,443,2,1.368210736199832,-0.2813025990220823,VIP Customers
117,4,799.9,2,3,3,233,0,0.3716168251515528,0.3199396075597754,Regular Customers
36,1,524.14,3,1,2,312,0,-0.4320157047942511,-0.9423352350514669,Regular Customers
132,3,2375.41,2,3,4,234,2,1.4183128303429993,1.2023777519622618,VIP Customers
217,1,199.85000000000002,1,1,1,111,1,-1.5575778172607169,0.4271601195780847,Lost Customers
50,8,1980.56,3,4,4,344,2,2.9829776493728577,0.9612875666587564,VIP Customers
39,2,1079.66,3,2,3,323,0,0.3654198249876511,-0.46533553496148683,Regular Customers
29,2,333.48,3,2,2,322,0,-0.26330052836274126,-0.9730631526970526,Regular Customers
37,6,1016.14,3,4,3,343,2,1.5528720552316537,0.030140025334347956,VIP Customers
136,2,752.6,2,2,3,223,0,-0.37637000712380625,0.18192553023234606,Regular Customers
219,2,610.59,1,2,2,122,1,-0.8864557198581887,0.8137133597157058,Lost Customers
28,1,491.86,3,1,2,312,0,-0.42441542151803174,-1.0292232796342176,Regular Customers
25,4,2883.54,3,3,4,334,2,2.6787365667974004,0.708848509743906,VIP Customers
5,2,729.8,4,2,3,423,0,0.20542203644530954,-0.9548657803043991,Regular Customers
200,1,339.59999999999997,1,1,2,112,1,-1.353038944337234,0.36033347276115857,Lost Customers
18,1,216.9,4,1,1,411,0,-0.6270524945281907,-1.2704955503754665,Regular Customers
241,1,350.75,1,1,2,112,1,-1.5314969088125763,0.7183929389901721,Lost Customers
72,3,668.4300000000001,2,3,2,232,0,0.15075132072084724,-0.27761140695960596,Regular Customers
3,7,1341.6,4,4,3,443,2,2.3124301269968948,0.05961326474076587,VIP Customers
95,2,1080.52,2,2,3,223,0,0.10867948119382409,0.015596072291102454,Regular Customers
162,1,300.04,1,1,1,111,1,-1.2140652784061323,0.011947472757329915,Lost Customers
374,1,79.6,1,1,1,111,1,-2.3882794529965055,1.7061264892299164,Lost Customers
96,5,948.25,2,4,3,243,2,0.9112487643988334,0.3607964424538862,VIP Customers
54,5,1647.26,2,4,3,243,2,1.7364412140154484,0.39572359288072473,VIP Customers
288,1,296.25,1,1,1,111,1,-1.7969076717375565,1.0908063392527656,Lost Customers
124,6,1175.38,2,4,3,243,2,1.2967863877311194,0.866589745581452,VIP Customers
288,1,741.26,1,1,3,113,1,-1.3945238158226818,1.3424410193723295,Lost Customers
152,2,282.6,1,2,1,121,0,-0.8749267095335412,0.05343013200494772,Regular Customers
4,9,2108.06,4,4,4,444,2,3.6187201243596334,0.7758700774416954,VIP Customers
33,2,659.4100000000001,3,2,2,322,0,0.013015495307499575,-0.7544457465396075,Regular Customers
54,2,286.79,2,2,1,221,0,-0.42048161449097077,-0.7849798946187236,Regular Customers
50,2,1070.65,3,2,3,323,0,0.3066889788940655,-0.37605712943194974,Regular Customers
219,1,306.72,1,1,2,112,1,-1.4701416372890264,0.5047494289773238,Lost Customers
63,1,1714.96,2,1,4,214,0,0.5205788485031414,-0.03733268683103058,Regular Customers
71,3,1519.42,2,3,3,233,2,0.9248261317615195,0.195008728046931,VIP Customers
2,10,2796.51,4,4,4,444,2,4.559345372457565,1.285139270913509,VIP Customers
64,4,2634.45,2,3,4,234,2,2.2741632646198346,0.9025942988292759,VIP Customers
34,3,1122.63,3,3,3,333,0,0.736189229470152,-0.34679662573192077,Regular Customers
82,1,345.0,2,1,2,212,0,-0.8055290489758766,-0.64897996086647,Regular Customers
103,1,178.7,2,1,1,211,0,-1.0524689192688146,-0.5628487144549714,Regular Customers
7,2,360.01,4,2,2,422,0,-0.13814398299511235,-1.1468079120543284,Regular Customers
251,1,127.84,1,1,1,111,1,-1.77904039431647,0.6781403941292384,Lost Customers
13,6,908.86,4,4,3,443,2,1.5662329206650145,-0.23642749499049337,VIP Customers
10,11,2462.79,4,4,4,444,2,4.52972580097254,1.3022075713246566,VIP Customers
367,1,230.4,1,1,1,111,1,-2.219734376963528,1.7313419645500414,Lost Customers
76,2,309.04,2,2,2,222,0,-0.5015306465633308,-0.5836520703949678,Regular Customers
4,1,348.79999999999995,4,1,2,412,0,-0.44340729953905245,-1.3160229045290193,Regular Customers
128,2,1516.0,2,2,3,223,0,0.3506945274599063,0.5449614924753627,Regular Customers
66,2,195.55,2,2,1,221,0,-0.5581644360190194,-0.7336197596685957,Regular Customers
117,2,688.86,2,2,3,223,0,-0.346632380481749,-0.017125024741492623,Regular Customers
310,1,558.32,1,1,2,112,1,-1.6611083266374818,1.4277424171927837,Lost Customers
67,1,324.8,2,1,2,212,0,-0.7548161259995968,-0.7890929310778068,Regular Customers
255,1,277.07,1,1,1,111,1,-1.6624988191758319,0.7968412861024472,Lost Customers
31,7,2588.39,3,4,4,344,2,3.311034950399105,1.004843904918643,VIP Customers
52,2,924.5999999999999,2,2,3,223,0,0.16543159054596515,-0.44148357989392756,Regular Customers
64,1,256.38,2,1,1,211,0,-0.8028867785086747,-0.8535197423423783,Regular Customers
367,1,112.6,1,1,1,111,1,-2.3262506759832626,1.6647309550938838,Lost Customers
6,5,1747.66,4,4,4,444,2,2.0479538917349345,0.040685356461189474,VIP Customers
305,1,155.05,1,1,1,111,1,-2.0027576536048306,1.1568130712673874,Lost Customers
29,3,1499.01,3,3,3,333,2,1.099509618383417,-0.17686626433564318,VIP Customers
184,3,814.5,1,3,3,133,1,-0.23220621097972058,0.7658757397611614,Lost Customers
42,3,539.0,3,3,2,332,0,0.17167507752462058,-0.6081801162437539,Regular Customers
40,4,1366.8600000000001,3,3,3,333,2,1.2383566689701002,-0.020080355469029542,VIP Customers
92,2,1579.12,2,2,3,223,0,0.5733157206216739,0.27179553082135616,Regular Customers
24,2,571.67,3,2,2,322,0,-0.024933342858110868,-0.8812734992527816,Regular Customers
29,2,382.98,3,2,2,322,0,-0.2185419816609002,-0.9450729577218422,Regular Customers
302,3,1140.35,1,3,3,133,1,-0.48019552866461596,1.962497296328961,Lost Customers
145,2,385.64,1,2,2,122,0,-0.7495668494698552,0.05163931011262702,Regular Customers
6,2,632.0,4,2,2,422,0,0.11239146359372186,-1.001588239485102,Regular Customers
19,2,957.66,3,2,3,323,0,0.34707653360676427,-0.7059090818219227,Regular Customers
33,5,1698.94,3,4,4,344,2,1.8797401828343454,0.24477949499329438,VIP Customers
176,1,189.5,1,1,1,111,1,-1.3783964823336274,0.06955302013654924,Lost Customers
58,3,409.8,2,3,2,232,0,-0.0187258124409237,-0.5439672630054607,Regular Customers
22,1,209.49,3,1,1,311,0,-0.6521468538396005,-1.240368075390479,Regular Customers
16,6,2198.45,4,4,4,444,2,2.718501441373835,0.5185202536049424,VIP Customers
19,1,52.199999999999996,3,1,1,311,0,-0.780574921407115,-1.3550471821590295,Regular Customers
159,1,383.85,1,1,2,112,1,-1.124487576078417,0.03360040656500686,Lost Customers
25,4,834.57,3,3,3,333,0,0.8260311236525253,-0.4497589609299731,Regular Customers
212,2,266.59000000000003,1,2,1,121,1,-1.165315268230685,0.5591399769805954,Lost Customers
6,4,674.82,4,3,3,433,0,0.7689552539543046,-0.7030991849860331,Regular Customers
253,1,85.0,1,1,1,111,1,-1.82697395225857,0.6710749138367854,Lost Customers
11,1,361.62,4,1,2,412,0,-0.4640050339284898,-1.2487180626401755,Regular Customers
65,1,312.98,2,1,2,212,0,-0.7563068541731057,-0.8129354115397983,Regular Customers
25,3,865.0600000000001,3,3,3,333,0,0.5446778865293159,-0.5696561928418625,Regular Customers
92,3,1255.0,2,3,3,233,0,0.589164875561821,0.22565718797423456,Regular Customers
52,2,1537.95,2,2,3,223,0,0.720030673769687,-0.09465961851927397,Regular Customers
129,1,1595.48,2,1,3,213,0,0.10904015325002311,0.4613454523001672,Regular Customers
96,3,2651.46,2,3,4,234,2,1.8334681113678581,1.0496148653804083,VIP Customers
57,1,1090.1399999999999,2,1,3,213,0,-0.016800347819346275,-0.4421187405521575,Regular Customers
169,3,388.5,1,3,2,132,1,-0.5484229496520693,0.3962997166015335,Lost Customers
57,1,216.17000000000002,2,1,1,211,0,-0.8070554399609228,-0.9363124921175049,Regular Customers
326,1,201.16,1,1,1,111,1,-2.057633626828313,1.3630533543391783,Lost Customers
1,5,1245.9,4,4,3,443,2,1.6172486200268923,-0.2859359955876103,VIP Customers
18,8,2209.36,4,4,4,444,2,3.33701472258931,0.8161242890454782,VIP Customers
248,1,305.78,1,1,1,111,1,-1.6043491162100822,0.753019935068563,Lost Customers
58,4,501.56,2,3,2,232,0,0.373167471839863,-0.35494273138206656,Regular Customers
74,1,145.67,2,1,1,211,0,-0.9489775581550624,-0.8303278452595017,Regular Customers
31,3,1005.09,3,3,3,333,0,0.6437036312238127,-0.4389987577476506,Regular Customers
2,8,2770.94,4,4,4,444,2,3.9183792574627745,0.9964043752694377,VIP Customers
120,3,389.6,2,3,2,232,0,-0.32210009413014423,-0.023467927902228108,Regular Customers
358,1,540.45,1,1,2,112,1,-1.897996300128626,1.8294479423255336,Lost Customers
54,5,1786.79,2,4,4,244,2,1.862606062930759,0.4746220152017574,VIP Customers
64,1,122.7,2,1,1,211,0,-0.9237619809955862,-0.9291102325299769,Regular Customers
86,1,117.24,2,1,1,211,0,-1.0298667570903306,-0.7434512629074955,Regular Customers
55,1,1271.57,2,1,3,213,0,0.15644809875726184,-0.3566863689139586,Regular Customers
3,5,1191.13,4,4,3,443,2,1.5585278002231162,-0.2997473955983312,VIP Customers
11,5,2674.48,4,4,4,444,2,2.863003968717413,0.6076604918668166,VIP Customers
7,5,787.6,4,4,3,443,2,1.1752565617292157,-0.4936093354331497,VIP Customers
189,2,506.8,1,2,2,122,1,-0.8423479400759263,0.4976430059702324,Lost Customers
71,1,243.56,2,1,1,211,0,-0.8466685358766012,-0.8007132559922092,Regular Customers
204,1,349.55,1,1,2,112,1,-1.3624361648457355,0.4002773070344217,Lost Customers
120,2,595.67,2,2,2,222,0,-0.4446916013561971,-0.044081959132350836,Regular Customers
93,1,416.90000000000003,2,1,2,212,0,-0.7911000160059073,-0.5139503093683615,Regular Customers
1,10,1883.81,4,4,4,444,2,3.738668643446315,0.7604659316608745,VIP Customers
27,4,632.97,3,3,2,332,0,0.6345446995612478,-0.5465966301974649,Regular Customers
298,1,821.1,1,1,3,113,1,-1.3683167959935982,1.4733810306476578,Lost Customers
24,3,564.62,3,3,2,332,0,0.27761464850128353,-0.7481219204677824,Regular Customers
28,4,2593.07,3,3,4,334,2,2.4022941925221604,0.5703379255609364,VIP Customers
50,1,311.16,3,1,2,312,0,-0.6889744950679403,-0.9426552548088245,Regular Customers
326,1,155.93,1,1,1,111,1,-2.0985311837439546,1.3374776670921324,Lost Customers
16,2,388.52,4,2,2,422,0,-0.1537516846507151,-1.0534722653690678,Regular Customers
183,3,740.95,1,3,3,133,1,-0.29411254676167764,0.7157068876488883,Lost Customers
72,5,2867.2,2,4,4,244,2,2.756753267886163,1.2399778668688575,VIP Customers
37,2,332.64,3,2,2,322,0,-0.30084834834128343,-0.9049030931158976,Regular Customers
80,4,2369.55,2,3,4,234,2,1.9610606617767183,0.8900744357415883,VIP Customers
57,9,2580.91,2,4,4,244,2,3.802554910342424,1.4979542929560465,VIP Customers
12,2,626.45,4,2,2,422,0,0.07978187033157175,-0.9532502505422262,Regular Customers
50,2,272.04,3,2,1,321,0,-0.4154246166929508,-0.8276379296168557,Regular Customers
50,2,1212.8400000000001,3,2,3,323,0,0.4352590345614349,-0.29565458754255214,Regular Customers
59,2,384.81,2,2,2,222,0,-0.35484332551830844,-0.6866567510404589,Regular Customers
352,1,172.25,1,1,1,111,1,-2.203336339791993,1.56976984485771,Lost Customers
54,1,351.13,2,1,2,212,0,-0.6712272393746384,-0.885736356835444,Regular Customers
2,6,1838.8500000000001,4,4,4,444,2,2.4577259150709554,0.19507005439450176,VIP Customers
93,4,678.25,2,3,3,233,0,0.3719841488454093,0.045246448814857725,Regular Customers
23,1,223.85000000000002,3,1,1,311,0,-0.6437608893562691,-1.2236687109667455,Regular Customers
75,1,348.99,2,1,2,212,0,-0.7697314929691069,-0.7067794456334291,Regular Customers
11,4,464.57,4,3,2,432,0,0.5558517814769356,-0.7790899283776297,Regular Customers
169,2,842.65,1,2,3,123,1,-0.44669727979140017,0.5159646261683849,Lost Customers
58,2,337.34,2,2,2,222,0,-0.3931677845733158,-0.7220784458809445,Regular Customers
96,2,1237.53,2,2,3,223,0,0.24605143935427928,0.11295808950703358,Regular Customers
295,1,307.4,1,1,2,112,1,-1.8190154419450157,1.1571668654727485,Lost Customers
109,2,608.79,2,2,2,222,0,-0.38224443956676174,-0.1310363302912191,Regular Customers
264,1,922.1,1,1,3,113,1,-1.1206410821926656,1.2387933975577434,Lost Customers
180,1,376.58,1,1,2,112,1,-1.2276304426947127,0.20965651574231808,Lost Customers
169,1,158.85,1,1,1,111,1,-1.3739208668874998,-0.007833946528213577,Lost Customers
35,1,71.66,3,1,1,311,0,-0.8365554971767868,-1.206773270637609,Regular Customers
23,3,568.55,3,3,2,332,0,0.28576674097101623,-0.7544790492127968,Regular Customers
17,4,839.14,4,3,3,433,0,0.8669516583623375,-0.5158098603645114,Regular Customers
79,3,561.57,2,3,2,232,0,0.021937366750069583,-0.27798063647749344,Regular Customers
65,1,90.6,2,1,1,211,0,-0.9573857554974576,-0.9386820692890369,Regular Customers
361,1,102.0,1,1,1,111,1,-2.3082441237157534,1.607260811628793,Lost Customers
3,6,2427.32,4,4,4,444,2,2.9852296421198217,0.5364047892670858,VIP Customers
11,4,745.06,4,3,3,433,0,0.8094745039900548,-0.6204844781029472,Regular Customers
176,3,674.45,1,3,3,133,1,-0.32205296968445907,0.6180482343202608,Lost Customers
2,2,439.92,4,2,2,422,0,-0.04289564136861125,-1.1445190275126091,Regular Customers
154,2,322.96,1,2,2,122,0,-0.8476297404939607,0.09341079761022217,Regular Customers
5,5,1019.27,4,4,3,443,2,1.3939326726755308,-0.3797683295413229,VIP Customers
79,3,594.04,2,3,2,232,0,0.051297164960347884,-0.25962019949072407,Regular Customers
21,2,230.22,3,2,1,321,0,-0.319881288417768,-1.100087440498802,Regular Customers
22,2,169.54999999999998,3,2,1,321,0,-0.3793384301776516,-1.1258144261556753,Regular Customers
308,4,664.54,1,3,2,132,1,-0.6290976642594891,1.882060839522144,Lost Customers
146,1,80.7,1,1,1,111,1,-1.3388188100054301,-0.24935028061550601,Lost Customers
19,8,2758.26,3,4,4,344,2,3.8287387386686444,1.1350838316924243,VIP Customers
71,2,190.25,2,2,1,221,0,-0.5859494408894728,-0.6937197866931339,Regular Customers
287,1,264.7,1,1,1,111,1,-1.8208370588028,1.0643867434830951,Lost Customers
49,1,413.59000000000003,3,1,2,312,0,-0.5917574157268671,-0.8933147228455919,Regular Customers
31,6,2461.2400000000002,3,4,4,344,2,2.887141565759164,0.7958077975341846,VIP Customers
207,1,357.98,1,1,2,112,1,-1.36860925408703,0.4307822638229753,Lost Customers
15,2,196.79,4,2,1,421,0,-0.32251792041698685,-1.1704670011615506,Regular Customers
73,1,869.87,2,1,3,213,0,-0.2895479215856312,-0.42940219148340797,Regular Customers
60,1,200.14,2,1,1,211,0,-0.8353455807643798,-0.9196386498560957,Regular Customers
39,4,1871.81,3,3,4,334,2,1.6995375911076391,0.25686852561383383,VIP Customers
27,5,920.51,3,4,3,343,2,1.2034648176458012,-0.24686663650848067,VIP Customers
17,1,320.46,4,1,2,412,0,-0.528813654424025,-1.2205160503249208,Regular Customers
66,2,1266.08,2,2,3,223,0,0.40982277611677703,-0.12827948841986697,Regular Customers
213,1,311.3,1,1,2,112,1,-1.4384091306996192,0.45586294530463073,Lost Customers
12,6,852.88,4,4,3,443,2,1.5202136084295492,-0.2766612415327778,VIP Customers
30,1,76.8,3,1,1,311,0,-0.8089151663966828,-1.2467637169705665,Regular Customers
4,6,2274.14,4,4,4,444,2,2.8421237497460528,0.45836723922320777,VIP Customers
15,5,1393.69,4,4,3,443,2,1.6865027770991263,-0.0822555579468532,VIP Customers
211,1,635.66,1,1,2,112,1,-1.1359215107877758,0.6221162981106446,Lost Customers
46,3,2043.0800000000002,3,3,4,334,2,1.5132897233519134,0.27663220324791804,VIP Customers
134,2,529.73,2,2,2,222,0,-0.5686949025988011,0.03874303664877532,Regular Customers
10,5,2874.72,4,4,4,444,2,3.048662127915194,0.7123085181840964,VIP Customers
116,3,962.19,2,3,3,233,0,0.21403740507917554,0.2659904232964101,Regular Customers
198,2,695.61,1,2,3,123,1,-0.7130102874627385,0.6816216476964272,Lost Customers
278,1,328.8,1,1,2,112,1,-1.7214901852268438,1.0234182070332738,Lost Customers
110,3,473.02,2,3,2,232,0,-0.20068528901897376,-0.06209118702295316,Regular Customers
77,1,505.18,2,1,2,212,0,-0.6376995246472184,-0.6013017237861621,Regular Customers
53,1,917.34,2,1,3,213,0,-0.15465422489457833,-0.5741474890014412,Regular Customers
47,3,1421.61,3,3,3,333,0,0.9467498949174342,-0.066203900431138,Regular Customers
17,2,642.8,4,2,2,422,0,0.07157307831151957,-0.901108101380637,Regular Customers
155,3,631.9,1,3,2,132,0,-0.26395799795070324,0.41382098345274776,Regular Customers
225,1,440.0,1,1,2,112,1,-1.377219330781144,0.6315900193021889,Lost Customers
7,2,584.07,4,2,2,422,0,0.06445399627790817,-1.0201112840513857,Regular Customers
122,2,327.7,2,2,2,222,0,-0.6961906465505289,-0.1784491080059986,Regular Customers
61,1,104.82,2,1,1,211,0,-0.9261337052155522,-0.9649587719956163,Regular Customers
63,2,467.66,2,2,2,222,0,-0.2983234136113713,-0.6054909932582495,Regular Customers
18,8,2358.84,4,4,4,444,2,3.4721764914982236,0.9006490232857705,VIP Customers
22,3,648.89,3,3,2,332,0,0.3630097537132273,-0.7176294951688047,Regular Customers
29,5,1428.02,3,4,3,343,2,1.6531649198523526,0.057267960059815465,VIP Customers
285,1,626.65,1,1,2,112,1,-1.484360069789498,1.2518956807157384,Lost Customers
176,2,147.20000000000002,1,2,1,121,1,-1.107722001504332,0.18277218734829262,Lost Customers
78,3,1560.38,2,3,3,233,2,0.9296729530122804,0.27822557168531853,VIP Customers
33,1,152.2,3,1,1,311,0,-0.7545331066961128,-1.1783900054852483,Regular Customers
266,1,141.41,1,1,1,111,1,-1.8357482499116027,0.81450437458935,Lost Customers
27,4,646.42,3,3,2,332,0,0.646706365281243,-0.5389912135829885,Regular Customers
109,4,1659.75,2,3,3,233,2,1.1858927098240042,0.7375140406181264,VIP Customers
284,1,154.99,1,1,1,111,1,-1.9062426687526661,0.9766121513998078,Lost Customers
9,5,1308.6100000000001,4,4,3,443,2,1.6371635403089968,-0.1818410493261596,VIP Customers
305,1,409.93,1,1,2,112,1,-1.77229182767826,1.3009371297579257,Lost Customers
32,2,746.36,3,2,3,323,0,0.09623535640726959,-0.7138585119140771,Regular Customers
20,1,225.36,3,1,1,311,0,-0.6285999222520188,-1.248553010420883,Regular Customers
124,2,260.25,2,2,1,221,0,-0.7663768880144936,-0.19943052159824826,Regular Customers
65,1,92.46000000000001,2,1,1,211,0,-0.955703919197146,-0.9376303165081502,Regular Customers
106,1,725.6400000000001,2,1,3,213,0,-0.5717142310473124,-0.22783870926034505,Regular Customers
267,1,183.6,1,1,1,111,1,-1.802198035838125,0.8469404486324797,Lost Customers
29,5,1334.34,3,4,3,343,2,1.5684582399527875,0.004295809246124162,VIP Customers
267,1,152.55,1,1,1,111,1,-1.8302738514965526,0.8293829626934841,Lost Customers
64,2,374.7,2,2,2,222,0,-0.3869775952298902,-0.6494766333747095,Regular Customers
320,1,265.85,1,1,1,111,1,-1.971548872920771,1.3481565801606246,Lost Customers
4,8,1437.57,4,4,3,443,2,2.7035316131544733,0.25959775717176453,VIP Customers
32,1,151.04,3,1,1,311,0,-0.75098345872562,-1.1876253179155924,Regular Customers
5,3,942.26,4,3,3,433,0,0.7064538376334139,-0.6975904096202392,Regular Customers
129,1,118.67,2,1,1,211,0,-1.22631074280545,-0.3737292919693397,Regular Customers
41,5,499.42,3,4,2,342,0,0.7583302464807959,-0.3648642214434354,Regular Customers
102,6,1049.37,2,4,3,243,2,1.284014272211903,0.6065899490217801,VIP Customers
125,1,375.1,2,1,2,212,0,-0.9760492461265156,-0.26304629518206607,Regular Customers
33,1,45.599999999999994,3,1,1,311,0,-0.8509222193913909,-1.2386678799167117,Regular Customers
302,2,921.62,1,2,3,123,1,-0.9868967457682866,1.701676500947941,Lost Customers
365,1,182.25,1,1,1,111,1,-2.254075165776994,1.6869563773516987,Lost Customers
4,9,1002.9,4,4,3,443,2,2.619420013793842,0.1509479788800062,VIP Customers
3,1,191.47,4,1,1,411,0,-0.5810686058802064,-1.4135658684599415,Regular Customers
57,1,158.75,2,1,1,211,0,-0.8589753541350584,-0.9687811182887491,Regular Customers
325,1,76.32000000000001,1,1,1,111,1,-2.1659170506978946,1.2838821365647122,Lost Customers
12,1,433.86,4,1,2,412,0,-0.40328321726126826,-1.1992899611423977,Regular Customers
37,1,147.35,3,1,1,311,0,-0.7773126805619326,-1.146814956780331,Regular Customers
138,1,191.95,2,1,1,211,0,-1.2014368255551653,-0.25507806893983315,Regular Customers
5,5,1105.8799999999999,4,4,3,443,2,1.4722465662077822,-0.3307939702119698,VIP Customers
155,2,216.21,1,2,1,121,1,-0.9487530202744672,0.04162748499460754,Lost Customers
239,1,1266.23,1,1,3,113,1,-0.6945108621049288,1.2189001110637903,Lost Customers
52,7,2703.23,2,4,4,244,2,3.318305541111331,1.2499481496196503,VIP Customers
31,2,597.91,3,2,2,322,0,-0.03339653791949358,-0.8063802045039921,Regular Customers
73,1,144.2,2,1,1,211,0,-0.9457082162346213,-0.8397384498199936,Regular Customers
14,4,692.85,4,3,3,433,0,0.7484699345063431,-0.6242689238052371,Regular Customers
23,7,2915.15,3,4,4,344,2,3.6432838924193454,1.120978074556086,VIP Customers
4,4,1840.42,4,3,4,434,2,1.8321030724006286,-0.06115953680737157,VIP Customers
274,2,386.53,1,2,2,122,1,-1.341973131035138,1.1588826640803123,Lost Customers
20,5,1382.74,3,4,3,343,2,1.6536089684132103,-0.04555042540795577,VIP Customers
144,1,90.0,1,1,1,111,1,-1.32121255825282,-0.2612502778880743,Lost Customers
4,4,2780.15,4,3,4,434,2,2.6818192156758025,0.4702187646886799,VIP Customers
84,1,419.58,2,1,2,212,0,-0.7472899088628213,-0.5896493059268177,Regular Customers
11,3,2720.63,4,3,4,434,2,2.286888014721735,0.3594802787201615,VIP Customers
8,3,706.1300000000001,4,3,3,433,0,0.47914640129308383,-0.8053739797637556,Regular Customers
123,3,709.71,2,3,3,233,0,-0.04644805537083637,0.1832791292878125,Regular Customers
61,2,637.5,2,2,2,222,0,-0.13555479645444682,-0.5266122854536402,Regular Customers
2,5,1123.8600000000001,4,4,3,443,2,1.5022999224873728,-0.34636516842890097,VIP Customers
319,1,480.91,1,1,2,112,1,-1.7724902761043777,1.4611847012159371,Lost Customers
130,3,605.64,2,3,2,232,0,-0.17273925489114653,0.184487528941255,Regular Customers
2,2,965.88,4,2,3,423,0,0.4326842621324056,-0.8471104830851,Regular Customers
46,1,415.82,3,1,2,312,0,-0.5759454152160448,-0.9177918921909992,Regular Customers
4,2,935.05,4,2,3,423,0,0.3956103030971564,-0.8473848069805374,Regular Customers
3,4,915.13,4,3,3,433,0,1.0000423009050123,-0.5929519983779432,Regular Customers
373,1,311.81,1,1,2,112,1,-2.173713602120787,1.8288522232917919,Lost Customers
134,1,115.8,2,1,1,211,0,-1.251898509928722,-0.3324552548769131,Regular Customers
78,2,483.4,2,2,2,222,0,-0.3530691268561402,-0.4678999678871034,Regular Customers
234,1,157.2,1,1,1,111,1,-1.6743176016034163,0.5488927852251712,Lost Customers
221,1,446.62,1,1,2,112,1,-1.3528392997908343,0.6010158321145669,Lost Customers
36,2,658.64,3,2,2,322,0,-0.0014763541288848505,-0.7291430078070525,Regular Customers
75,2,621.29,2,2,2,222,0,-0.21459158199033268,-0.41566703924590365,Regular Customers
239,2,1345.62,1,2,3,123,1,-0.31380269343427913,1.4009299212358035,Lost Customers
266,1,118.75,1,1,1,111,1,-1.8562377179573344,0.8016910853340314,Lost Customers
20,2,424.89000000000004,3,2,2,322,0,-0.1392595959902743,-0.9985890179393386,Regular Customers
40,1,507.65999999999997,3,1,2,312,0,-0.46531127660234173,-0.9173364685195132,Regular Customers
216,3,1097.6200000000001,1,3,3,133,1,-0.12335853212331445,1.200508524681707,Lost Customers
174,2,289.36,1,2,1,121,1,-0.9699820019778511,0.24599900430615795,Lost Customers
87,4,2445.91,2,3,4,234,2,1.9979166255172804,0.9933085097258839,VIP Customers
71,2,1631.77,2,2,3,223,0,0.7174917761133142,0.12139992766374301,Regular Customers
276,1,120.44,1,1,1,111,1,-1.9006949491332787,0.888440516057588,Lost Customers
39,4,562.59,3,3,2,332,0,0.5157237625625003,-0.4834410312638443,Regular Customers
98,1,363.79,2,1,2,212,0,-0.8621154474988864,-0.5010849065295626,Regular Customers
11,4,450.84,4,3,2,432,0,0.5434369360988289,-0.7868536733677235,Regular Customers
33,1,134.46,3,1,1,311,0,-0.770573846463601,-1.1884212389975761,Regular Customers
297,4,576.9000000000001,1,3,2,132,1,-0.6577590108675789,1.7381308714804031,Lost Customers
86,4,549.46,2,3,2,232,0,0.2877202941234829,-0.08763461350378711,Regular Customers
9,7,1600.26,4,4,3,443,2,2.5187226675548136,0.25735103983314395,VIP Customers
41,2,701.57,3,2,3,323,0,0.014348837110354746,-0.6619709721315018,Regular Customers
67,1,452.89,2,1,2,212,0,-0.6389954745442671,-0.7166633538177116,Regular Customers
331,1,197.65,1,1,1,111,1,-2.0838000903129825,1.4039654980016223,Lost Customers
31,6,2054.36,3,4,4,344,2,2.5192353540006773,0.5657340494227978,VIP Customers
68,2,853.39,2,2,3,223,0,0.02746601620142624,-0.3444797891483119,Regular Customers
202,2,1012.0,1,2,3,123,1,-0.4453204564295799,0.8948445799131953,Lost Customers
107,1,335.52,2,1,2,212,0,-0.9290643669672272,-0.4398559925855637,Regular Customers
18,4,701.4,4,3,3,433,0,0.7378068157072843,-0.5851167314100608,Regular Customers
218,1,185.39999999999998,1,1,1,111,1,-1.5752422311709218,0.42756862506776144,Lost Customers
60,7,747.44,2,4,3,243,2,1.5130663903294714,0.2126651452252959,VIP Customers
2,1,150.61,4,1,1,411,0,-0.6134162165776547,-1.4452498827188889,Regular Customers
17,2,466.7,4,2,2,422,0,-0.0876588423792726,-1.0006853404742646,Regular Customers
239,1,328.15999999999997,1,1,2,112,1,-1.5427260116927282,0.688460470651756,Lost Customers
95,1,151.74,2,1,1,211,0,-1.040058222488478,-0.6467285199009922,Regular Customers
11,6,2073.43,4,4,4,444,2,2.628449399654714,0.40492973094928997,VIP Customers
106,6,1905.8400000000001,2,4,4,244,2,2.040051495219412,1.1252056994650468,VIP Customers
53,9,2241.1,2,4,4,244,2,3.513688409334374,1.2714883230358556,VIP Customers
90,1,1070.48,2,1,3,213,0,-0.1863288358133841,-0.17011609493390328,Regular Customers
31,5,1004.38,3,4,3,343,2,1.2609070268787157,-0.16512411107223657,VIP Customers
12,6,1789.72,4,4,4,444,2,2.3673165759477874,0.2530828849435088,VIP Customers
3,4,1839.3,4,3,4,434,2,1.8356888888937086,-0.07037223089834188,VIP Customers
43,1,169.48000000000002,3,1,1,311,0,-0.784893656193639,-1.0828250769907113,Regular Customers
4,1,89.94,4,1,1,411,0,-0.677471893463064,-1.4623974877872614,Regular Customers
247,2,632.4,1,2,2,122,1,-0.9954938164321655,1.066268665737354,Lost Customers
177,1,683.17,1,1,3,113,1,-0.9366121538167719,0.3572822906929725,Lost Customers
92,3,991.13,2,3,3,233,0,0.35057017418374403,0.07644965770941052,Regular Customers
110,4,1009.73,2,3,3,233,0,0.5935375983928067,0.3785340972109441,Regular Customers
29,5,2214.79,3,4,4,344,2,2.3645726327535144,0.5021537317900447,VIP Customers
52,3,1547.2,2,3,3,233,2,1.037317338083425,0.04770893356059261,VIP Customers
184,3,925.71,1,3,3,133,1,-0.1316486760562509,0.8287603778054676,Lost Customers
43,5,2048.07,3,4,4,344,2,2.1494427388520916,0.5279918215186112,VIP Customers
49,4,1462.72,3,3,3,333,2,1.2836477172209417,0.1113389201370478,VIP Customers
22,4,754.12,3,3,3,333,0,0.7670827879753029,-0.5209882377612471,Regular Customers
81,2,490.86,2,2,2,222,0,-0.36011930277017806,-0.437943505828367,Regular Customers
373,1,161.0,1,1,1,111,1,-2.3100779744057296,1.7435754292673173,Lost Customers
326,1,146.85,1,1,1,111,1,-2.1067414383712824,1.3323433040542556,Lost Customers
43,11,2380.85,3,4,4,344,2,4.303882923310004,1.5389934625377366,VIP Customers
30,2,890.34,3,2,3,323,0,0.2356210237114747,-0.649602560514699,Regular Customers
184,1,213.70000000000002,1,1,1,111,1,-1.3933028071724909,0.15187216016577046,Lost Customers
235,2,280.55,1,2,1,121,1,-1.2584587617347989,0.7643595309576097,Lost Customers
9,10,2588.77,4,4,4,444,2,4.3393144045215,1.2277265894946268,VIP Customers
220,2,1693.45,1,2,4,124,1,0.08808190423963136,1.4346051146649426,Lost Customers
111,3,1474.06,2,3,3,233,0,0.6998696221264294,0.5125347547369559,Regular Customers
278,1,136.77,1,1,1,111,1,-1.8951262200380468,0.9148332142839876,Lost Customers
318,1,302.58,1,1,1,111,1,-1.9291400568038883,1.3517671091137131,Lost Customers
7,3,1904.05,4,3,4,434,2,1.5669198508644575,-0.13657933278247605,VIP Customers
2,5,2879.7000000000003,4,4,4,444,2,3.089953389981527,0.6464894567281411,VIP Customers
260,2,969.0600000000001,1,2,3,123,1,-0.7508624027076027,1.3681678667283577,Lost Customers
142,1,120.0,2,1,1,211,0,-1.2848890960612585,-0.2614452845346456,Regular Customers
51,2,1163.45,3,2,3,323,0,0.386001416171183,-0.3150032014959835,Regular Customers
8,8,2618.23,4,4,4,444,2,3.7527056696017773,0.961529493655708,VIP Customers
155,2,333.97,1,2,2,122,1,-0.8422728897773196,0.10821587611139108,Lost Customers
109,2,530.18,2,2,2,222,0,-0.4533246285815441,-0.17548702174579076,Regular Customers
163,3,1516.24,1,3,3,133,2,0.4988855026674352,0.9825135842087881,VIP Customers
332,1,492.65000000000003,1,1,2,112,1,-1.8216557713568293,1.579355131472691,Lost Customers
226,1,112.32000000000001,1,1,1,111,1,-1.6781104029422111,0.4548799637396396,Lost Customers
74,2,437.96,2,2,2,222,0,-0.3757624280132617,-0.5279119237698658,Regular Customers
51,4,559.97,3,3,2,332,0,0.45817230282671734,-0.3819699654308245,Regular Customers
99,3,1119.74,2,3,3,233,0,0.4346712705540275,0.2092289375008728,Regular Customers
197,1,134.04,1,1,1,111,1,-1.5251133765370288,0.21835968495314545,Lost Customers
31,2,595.25,3,2,2,322,0,-0.035801744671552074,-0.8078843240723569,Regular Customers
21,4,1910.01,3,3,4,334,2,1.8168521624380225,0.12404018912289919,VIP Customers
8,3,176.63,4,3,1,431,0,0.0003655835430867022,-1.1047842472258558,Regular Customers
213,1,426.6,1,1,2,112,1,-1.3341533643415933,0.521060308549919,Lost Customers
9,6,911.26,4,4,3,443,2,1.586797172522359,-0.2693879169820625,VIP Customers
11,5,2314.65,4,4,4,444,2,2.537640981652292,0.4041915654439886,VIP Customers
3,4,1046.56,4,3,3,433,0,1.1188830239963854,-0.5186337897801269,Regular Customers
40,1,166.20000000000002,3,1,1,311,0,-0.7740638696692235,-1.1104179225848743,Regular Customers
18,4,1305.33,4,3,3,433,2,1.283888211861686,-0.24361938895796262,VIP Customers
19,1,43.2,3,1,1,311,0,-0.7887128389892679,-1.3601363085181586,Regular Customers
117,1,640.14,2,1,2,212,0,-0.699608334458551,-0.1818122231985624,Regular Customers
223,1,383.45,1,1,2,112,1,-1.4191555093379529,0.5824545808353252,Lost Customers
71,3,1858.96,2,3,4,234,2,1.2318426357442087,0.3870045018223444,VIP Customers
51,2,2093.32,3,2,4,324,2,1.2268020186285764,0.21079967934439986,VIP Customers
8,9,2352.53,4,4,4,444,2,3.8213789517807433,0.9484252354641781,VIP Customers
243,1,310.26,1,1,2,112,1,-1.5773055660526696,0.7126562861359361,Lost Customers
47,6,1611.59,3,4,3,343,2,2.045300373342278,0.45263608572418684,VIP Customers
107,1,120.0,2,1,1,211,0,-1.1239403666678491,-0.561723605132177,Regular Customers
45,6,2481.13,3,4,4,344,2,2.8407468718583586,0.9271660950268726,VIP Customers
65,1,508.58,2,1,2,212,0,-0.5794427787209822,-0.7023317320013909,Regular Customers
207,2,477.79,1,2,2,122,1,-0.9513527933418667,0.6356679059323223,Lost Customers
11,5,1530.75,4,4,3,443,2,1.8288283602467725,-0.03907134043616279,VIP Customers
115,2,605.0600000000001,2,2,2,222,0,-0.4132083650511876,-0.08166920690683054,Regular Customers
242,1,183.85,1,1,1,111,1,-1.6870086044338046,0.6325972985410441,Lost Customers
163,1,311.65,1,1,2,112,1,-1.208165899850681,0.02709182634910745,Lost Customers
124,2,462.65999999999997,2,2,2,222,0,-0.5833551215918743,-0.08497606978143306,Regular Customers
23,3,840.21,3,3,3,333,0,0.5314052621229789,-0.6008665973549043,Regular Customers
68,1,415.2,2,1,2,212,0,-0.6776738000777202,-0.7293961035042751,Regular Customers
17,8,2552.21,4,4,4,444,2,3.6516227069416285,1.0014123498155818,VIP Customers
16,2,454.86,4,2,2,422,0,-0.09376618993960116,-1.0159597495174422,Regular Customers
17,4,1614.91,4,3,3,433,2,1.568413027551979,-0.07714413196210655,VIP Customers
161,2,588.22,1,2,2,122,1,-0.6399679288346554,0.3034599792877958,Lost Customers
243,1,309.52,1,1,2,112,1,-1.5779746837205355,0.7122378468575189,Lost Customers
219,1,134.7,1,1,1,111,1,-1.625684368675909,0.40747926049983474,Lost Customers
45,8,2166.98,3,4,4,344,2,3.1745337245188154,1.0238034343683475,VIP Customers
21,4,668.5600000000001,3,3,2,332,0,0.6943168532864953,-0.5779482462705361,Regular Customers
127,8,889.9300000000001,2,4,3,243,2,1.6427285499714195,1.0051938851892084,VIP Customers
39,1,108.97999999999999,3,1,1,311,0,-0.8212044061048965,-1.1513528376477498,Regular Customers
121,2,1021.58,2,2,3,223,0,-0.06417675010230611,0.20533184452467323,Regular Customers
260,1,409.57,1,1,2,112,1,-1.565683263732877,0.9146614382210202,Lost Customers
10,1,133.5,4,1,1,411,0,-0.6656755831185999,-1.3862898326780708,Regular Customers
274,1,282.93,1,1,1,111,1,-1.7445722980017793,0.9631631040022417,Lost Customers
165,1,51.0,1,1,1,111,1,-1.4530461054115282,-0.10313616641911522,Lost Customers
157,4,1078.96,1,3,3,133,0,0.44000511796113534,0.820911675741877,Regular Customers
215,1,90.6,1,1,1,111,1,-1.6471660243263546,0.34822501898609803,Lost Customers
6,2,163.62,4,2,1,421,0,-0.31112385164281,-1.2664376843838714,Regular Customers
366,1,174.4,1,1,1,111,1,-2.265771773460287,1.69109690883807,Lost Customers
80,2,701.23,2,2,3,223,0,-0.1653014652271509,-0.32756738506464506,Regular Customers
43,1,225.12,3,1,1,311,0,-0.7345832412746404,-1.051362966921606,Regular Customers
19,3,912.18,3,3,3,333,0,0.6148756168903656,-0.594488072590405,Regular Customers
32,4,2118.03,3,3,4,334,2,1.9543626777727316,0.336040049510415,VIP Customers
22,1,151.5,3,1,1,311,0,-0.7045821694606057,-1.2731590128978014,Regular Customers
320,1,155.0,1,1,1,111,1,-2.0717808911409548,1.2854755071706836,Lost Customers
295,1,100.5,1,1,1,111,1,-2.006097125028065,1.0401735050612122,Lost Customers
358,1,76.55,1,1,1,111,1,-2.317460740835375,1.5671317514366419,Lost Customers
185,1,235.56,1,1,1,111,1,-1.378135244704032,0.17281246322211177,Lost Customers
191,2,617.05,1,2,2,122,1,-0.751855519945605,0.5771435650465666,Lost Customers
44,2,348.1,3,2,2,322,0,-0.3190589602399559,-0.8361054408283759,Regular Customers
52,1,202.68,2,1,1,211,0,-0.7962605985758754,-0.9868374300138598,Regular Customers
26,1,615.49,3,1,2,312,0,-0.3034304900801391,-0.9764744083913148,Regular Customers
38,3,1247.69,3,3,3,333,0,0.8308759748373863,-0.2417628653253956,Regular Customers
9,3,202.10999999999999,4,3,1,431,0,0.018806397305700374,-1.081796984456176,Regular Customers
297,1,142.4,1,1,1,111,1,-1.9774076678688712,1.081024976732382,Lost Customers
33,3,1727.6,3,3,4,334,2,1.2878095423373506,-0.013290587044601898,VIP Customers
65,2,1043.46,2,2,3,223,0,0.21312539878242714,-0.26274123679384986,Regular Customers
218,1,67.95,1,1,1,111,1,-1.6814420556180172,0.3611555260811257,Lost Customers
65,2,487.99,2,2,2,222,0,-0.28913783225740447,-0.5768364610944592,Regular Customers
149,1,574.7,1,1,2,112,0,-0.9059331614282808,0.0557243524177538,Regular Customers
130,4,1475.81,2,3,3,233,2,0.9230025210700465,0.8136705993657319,VIP Customers
34,6,1449.32,3,4,3,343,2,1.9583546759678987,0.24934718981857615,VIP Customers
119,1,156.75,2,1,1,211,0,-1.1458929580470365,-0.43799043877038885,Regular Customers
107,6,2157.73,2,4,4,244,2,2.263215188957053,1.2762184176758864,VIP Customers
11,7,2599.03,4,4,4,444,2,3.412626479917859,0.8392727714220848,VIP Customers
71,6,2059.4500000000003,2,4,4,244,2,2.3398963934788783,0.9117874566481636,VIP Customers
92,9,1100.27,2,4,3,243,2,2.3027921488558034,0.9609921632890197,VIP Customers
311,1,1063.0,1,1,3,113,1,-1.2093686122784593,1.721697385661875,Lost Customers
43,2,770.03,3,2,3,323,0,0.06705419326754597,-0.6061009231160575,Regular Customers
362,1,121.05,1,1,1,111,1,-2.295617399959056,1.6266121763441173,Lost Customers
92,7,1496.98,2,4,3,243,2,2.0436571268156296,0.9110390764152896,VIP Customers
22,2,490.22,3,2,2,322,0,-0.08938442672554285,-0.9444888539799025,Regular Customers
4,3,1937.25,4,3,4,434,2,1.610735329988533,-0.14354425286763553,VIP Customers
11,6,1051.79,4,4,3,443,2,1.7046691642513017,-0.17276527499968033,VIP Customers
99,1,387.52,2,1,2,212,0,-0.8452570065994691,-0.4790871961074912,Regular Customers
57,2,813.11,2,2,3,223,0,0.041628200336754274,-0.4616296433713466,Regular Customers
218,1,265.2,1,1,1,111,1,-1.5030860286091656,0.4726922121187069,Lost Customers
18,1,322.08,4,1,2,412,0,-0.5319473643847634,-1.211020626991777,Regular Customers
50,2,363.34000000000003,3,2,2,322,0,-0.33286996388733275,-0.7760115699959118,Regular Customers
7,5,1224.06,4,4,3,443,2,1.569909395941045,-0.2468093253547585,VIP Customers
303,1,470.36,1,1,2,112,1,-1.7084531619283745,1.3179490247900547,Lost Customers
10,6,2248.5,4,4,4,444,2,2.7913485160144083,0.4953451672155386,VIP Customers
22,6,1372.8,3,4,3,343,2,1.9443467137646169,0.10312573953428036,VIP Customers
99,1,89.06,2,1,1,211,0,-1.1151284378849537,-0.6478539353459016,Regular Customers
366,1,63.0,1,1,1,111,1,-2.3665011088660464,1.6281048336817379,Lost Customers
306,1,131.9,1,1,1,111,1,-2.0282887211777836,1.1523020879432395,Lost Customers
320,1,2661.24,1,1,4,114,1,0.19439406009181662,2.7026501789822293,Lost Customers
8,5,2357.68,4,4,4,444,2,2.590344875202208,0.4027851022599668,VIP Customers
1,4,1712.89,4,3,4,434,2,1.7305843856380996,-0.1590105990817347,VIP Customers
205,2,1589.82,1,2,3,123,1,0.06335633122935351,1.2473159431044782,Lost Customers
54,4,1420.2,2,3,3,233,2,1.2222079020829628,0.13019252832508865,VIP Customers
1,4,1010.35,4,3,3,433,0,1.0953385391752422,-0.5562678026753584,Regular Customers
19,5,1163.23,3,4,3,343,2,1.4597236937100264,-0.1782535978956174,VIP Customers
9,2,375.35,4,2,2,422,0,-0.1334704248339169,-1.120975017727433,Regular Customers
19,4,885.8,3,3,3,333,0,0.8999451697094251,-0.4722668063078466,Regular Customers
181,3,483.25,1,3,2,132,1,-0.5179311832796043,0.5528294750554876,Lost Customers
60,2,643.9,2,2,2,222,0,-0.12516929771494548,-0.5315727317423159,Regular Customers
11,2,259.05,4,2,1,421,0,-0.24782747450767834,-1.1695790782800672,Regular Customers
190,1,119.93,1,1,1,111,1,-1.5056820770010333,0.15032540161949337,Lost Customers
311,1,113.64,1,1,1,111,1,-2.0677923273665373,1.1848737189615552,Lost Customers
155,1,1837.92,1,1,4,114,0,0.208695655388254,0.8214991025464439,Regular Customers
110,3,434.34,2,3,2,232,0,-0.23566025036093768,-0.0839631211975217,Regular Customers
148,3,2103.06,1,3,4,134,2,1.0984738401679892,1.1856452231661838,VIP Customers
66,11,1980.57,2,4,4,244,2,3.8361782098913317,1.5099774939585655,VIP Customers
98,3,529.62,2,3,2,232,0,-0.09432440805156693,-0.13303880387088488,Regular Customers
247,3,1038.44,1,3,3,133,1,-0.31942445018259874,1.433005489821539,Lost Customers
29,7,2272.4,3,4,4,344,2,3.034509734340768,0.809005917272616,VIP Customers
18,4,596.26,4,3,2,432,0,0.6427378540864446,-0.6445690364543766,Regular Customers
12,2,461.19,4,2,2,422,0,-0.06964838073804966,-1.046697919665525,Regular Customers
104,8,1852.67,2,4,4,244,2,2.619016943752062,1.3522576328745792,VIP Customers
74,2,234.34,2,2,1,221,0,-0.5598782922441481,-0.6430505803527418,Regular Customers
46,1,547.66,3,1,2,312,0,-0.4567339647681513,-0.8432418456146002,Regular Customers
72,3,925.85,2,3,3,233,0,0.38351384783171444,-0.13205108391882447,Regular Customers
257,1,193.0,1,1,1,111,1,-1.747713081774839,0.766461952500339,Lost Customers
20,4,1309.6,3,3,3,333,2,1.2785521313968333,-0.2240461200527961,VIP Customers
254,2,316.25,1,2,2,122,1,-1.313550522710586,0.9475546300303391,Lost Customers
11,1,279.05,4,1,1,411,0,-0.5386659066794194,-1.2954079696927638,Regular Customers
165,2,636.51,1,2,2,122,1,-0.6146976204431854,0.36508349185094907,Lost Customers
18,6,2022.81,4,4,4,444,2,2.5504883884417455,0.4363618865911164,VIP Customers
282,1,137.1,1,1,1,111,1,-1.913221970228805,0.9493373379378262,Lost Customers
50,1,321.92,3,1,2,312,0,-0.6792451624919441,-0.9365709215172434,Regular Customers
39,1,162.8,3,1,1,311,0,-0.7725396589636221,-1.1209198620201575,Regular Customers
27,6,1165.48,3,4,3,343,2,1.733892585566771,0.028791789501822523,VIP Customers
68,1,1064.28,2,1,3,213,0,-0.09076718405285132,-0.36236831048387874,Regular Customers
207,1,463.38,1,1,2,112,1,-1.2733051970693725,0.49038158807322146,Lost Customers
175,2,340.93,1,2,2,122,1,-0.9279502693576409,0.283739078932469,Lost Customers
7,5,2383.24,4,4,4,444,2,2.6180550962610476,0.40865884053139256,VIP Customers
26,1,139.56,3,1,1,311,0,-0.7337726139550326,-1.2455930648469093,Regular Customers
51,2,123.8,3,2,1,321,0,-0.5540636965271822,-0.9028821147480558,Regular Customers
312,2,538.8100000000001,1,2,2,122,1,-1.3790239003150977,1.5710071444398122,Lost Customers
309,1,475.37,1,1,2,112,1,-1.7315142652274653,1.3722582553276421,Lost Customers
43,5,1957.32,3,4,4,344,2,2.0673854032320493,0.4766764640640585,VIP Customers
26,3,808.44,3,3,3,333,0,0.4888828076814012,-0.5930930716371277,Regular Customers
88,3,356.85,2,3,2,232,0,-0.2045599479817027,-0.3165268720966437,Regular Customers
184,2,251.21,1,2,1,121,1,-1.0504630816507925,0.31022056901330264,Lost Customers
20,11,2429.83,3,4,4,344,2,4.453937587105306,1.3693638655655658,VIP Customers
47,4,673.26,3,3,3,333,0,0.5790047414268329,-0.3522266960930787,Regular Customers
17,5,1960.65,4,4,4,444,2,2.1899583460011214,0.255495545515913,VIP Customers
24,6,1367.88,3,4,3,343,2,1.9307009152353216,0.11750244496829158,VIP Customers
22,2,268.05,3,2,1,321,0,-0.2902734433063113,-1.0701167654474282,Regular Customers
11,5,1314.81,4,4,3,443,2,1.6335725910589833,-0.1611764455462023,VIP Customers
188,2,275.28,1,2,1,121,1,-1.0470928136859607,0.3581486770855551,Lost Customers
101,3,455.59000000000003,2,3,2,232,0,-0.17505890660667603,-0.1491615537016414,Regular Customers
61,3,990.2,2,3,3,233,0,0.49228384492489363,-0.1900370169245607,Regular Customers
18,6,2076.89,4,4,4,444,2,2.5993882309798377,0.46694188142463927,VIP Customers
33,2,330.45,3,2,2,322,0,-0.2844344344508367,-0.9404589695506225,Regular Customers
64,1,174.37,2,1,1,211,0,-0.8770412919433815,-0.899892992643732,Regular Customers
2,2,270.6,4,2,1,421,0,-0.19599699748084826,-1.2402624580823596,Regular Customers
24,4,974.54,3,3,3,333,0,0.9571923614418228,-0.37919111746432843,Regular Customers
108,1,241.09,2,1,1,211,0,-1.019047741790831,-0.4846728566740148,Regular Customers
32,9,1843.83,3,4,4,344,2,3.251040922763543,0.8666816386005314,VIP Customers
37,1,364.21999999999997,3,1,2,312,0,-0.5812159932239876,-1.0241839752798483,Regular Customers
60,3,578.61,2,3,2,232,0,0.12471732475727267,-0.43135345508572587,Regular Customers
26,6,2862.11,3,4,4,344,2,3.272606132626532,0.9795862372121371,VIP Customers
236,4,932.85,1,3,3,133,1,-0.05539372783634619,1.4160636030854072,Lost Customers
25,7,1949.72,3,4,4,344,2,2.761132403130749,0.5922262511893008,VIP Customers
60,3,2854.84,2,3,4,234,2,2.182914228982156,0.8557601107410088,VIP Customers
260,1,170.95,1,1,1,111,1,-1.7814465852276915,0.7797317346859752,Lost Customers
58,1,355.56,2,1,2,212,0,-0.6856157160001938,-0.8489138533957801,Regular Customers
65,2,388.25,2,2,2,222,0,-0.3793240433289526,-0.6332352903232975,Regular Customers
16,2,537.48,4,2,2,422,0,-0.019060106535437327,-0.9692415695406362,Regular Customers
10,3,952.66,4,3,3,433,0,0.692864977878494,-0.6488127384405188,Regular Customers
59,8,1453.35,2,4,3,243,2,2.4648806634112526,0.7403866244223206,VIP Customers
186,1,103.25,1,1,1,111,1,-1.502370210417853,0.10657603174657033,Lost Customers
24,2,2004.3,3,2,4,324,2,1.2704694199996385,-0.0711807108217556,VIP Customers
5,5,2573.93,4,4,4,444,2,2.7996765558166268,0.4993273577346513,VIP Customers
151,2,652.8,1,2,2,122,0,-0.535588497862125,0.2541834823219603,Regular Customers
311,1,289.24,1,1,1,111,1,-1.9090125132080866,1.284168228813009,Lost Customers
11,2,757.37,4,2,3,423,0,0.20275997988548225,-0.887799806359928,Regular Customers
18,2,186.23,4,2,1,421,0,-0.34586201575662423,-1.1507001009907596,Regular Customers
152,1,164.22,1,1,1,111,1,-1.290890145596207,-0.15064690447178183,Lost Customers
19,5,859.27,3,4,3,343,2,1.1848790905687818,-0.3501303587979402,VIP Customers
10,4,2279.4900000000002,4,3,4,434,2,2.2015246919581264,0.23859260344617267,VIP Customers
57,2,312.54,2,2,2,222,0,-0.4109937334519445,-0.744681196881268,Regular Customers
85,1,788.38,2,1,3,213,0,-0.4184146657330143,-0.3725288363108902,Regular Customers
76,3,1080.76,2,3,3,233,0,0.505191353179756,-0.010138387754520766,Regular Customers
111,1,1432.0,2,1,3,213,0,0.043993033695006366,0.21447544868599122,Regular Customers
57,2,1530.3600000000001,2,2,3,223,0,0.6901750209811082,-0.05605454547296837,Regular Customers
1,1,227.39,4,1,1,411,0,-0.5393922023457174,-1.4104133608791745,Regular Customers
281,2,218.06,1,2,1,121,1,-1.526495651921076,1.123675537341764,Lost Customers
3,7,2804.54,4,4,4,444,2,3.6352395878452057,0.8868450998323705,VIP Customers
180,9,1639.82,1,4,3,143,2,2.385989216859585,2.021070780306893,VIP Customers
372,1,35.400000000000006,1,1,1,111,1,-2.419048600204471,1.663974463044747,Lost Customers
13,4,859.71,4,3,3,433,0,0.9039454616049843,-0.538495901695483,Regular Customers
3,1,168.63,4,1,1,411,0,-0.6017208322775811,-1.4264809402424428,Regular Customers
17,1,138.6,4,1,1,411,0,-0.6932538423673951,-1.323350330288391,Regular Customers
41,1,114.11,3,1,1,311,0,-0.8257628633341213,-1.1312932744460444,Regular Customers
6,5,986.96,4,4,3,443,2,1.3601190134300758,-0.3894589125820957,VIP Customers
169,4,1033.06,1,3,3,133,0,0.3433193167858436,0.8979096983723288,Regular Customers
50,1,157.05,3,1,1,311,0,-0.828322770466339,-1.0297980618316467,Regular Customers
277,1,237.35999999999999,1,1,1,111,1,-1.7995728927359915,0.9631333026360204,Lost Customers
19,9,1580.29,3,4,3,343,2,3.072525568328649,0.6061287619850304,VIP Customers
372,1,39.75,1,1,1,111,1,-2.415115273373097,1.6664342074516594,Lost Customers
15,4,1320.21,4,3,3,433,2,1.311138507640757,-0.2609435084763717,VIP Customers
35,3,557.94,3,3,2,332,0,0.22099061884841098,-0.657525996669715,Regular Customers
22,3,617.15,3,3,2,332,0,0.334310031040168,-0.7355771474620002,Regular Customers
7,2,363.33,4,2,2,422,0,-0.13514199562036258,-1.144930589886294,Regular Customers
20,6,1740.6,3,4,4,344,2,2.2861133492063184,0.2939426089003576,VIP Customers
11,2,866.24,4,2,3,423,0,0.3012016562375921,-0.8262383411689953,Regular Customers
44,1,221.97,3,1,1,311,0,-0.7420300475539199,-1.0445647805588003,Regular Customers
306,1,393.33000000000004,1,1,2,112,1,-1.7919002996775346,1.3001298995062551,Lost Customers
11,1,213.96,4,1,1,411,0,-0.5975211350596786,-1.332213662438955,Regular Customers
275,1,660.0,1,1,2,112,1,-1.4082192128270383,1.1849599152837247,Lost Customers
4,4,1785.15,4,3,4,434,2,1.7821272163155628,-0.09241242723726821,VIP Customers
72,4,601.56,2,3,2,232,0,0.3992092865508651,-0.17828555470828533,Regular Customers
243,3,406.08000000000004,1,3,2,132,1,-0.8728184832638529,1.0411146403054323,Lost Customers
9,3,553.44,4,3,2,432,0,0.33648357332101003,-0.883134455150303,Regular Customers
246,1,394.44,1,1,2,112,1,-1.5149845156441772,0.7859947231138272,Lost Customers
206,2,412.78000000000003,1,2,2,122,1,-1.0055371495514254,0.5903280692763783,Lost Customers
1,5,1788.3600000000001,4,4,4,444,2,2.1077480390951893,0.020802613831635747,VIP Customers
185,1,320.58000000000004,1,1,2,112,1,-1.3012590499446273,0.22088774356135216,Lost Customers
32,5,886.7,3,4,3,343,2,1.1499006983012168,-0.22308788492177145,VIP Customers
57,2,225.85,2,2,1,221,0,-0.4893799640293709,-0.7937007928893689,Regular Customers
196,2,899.63,1,2,3,123,1,-0.5193356677549267,0.7798277264960404,Lost Customers
24,4,2791.27,3,3,4,334,2,2.5999033624445653,0.6480942748046442,VIP Customers
91,2,671.96,2,2,3,223,0,-0.24235166801122732,-0.2497451684279919,Regular Customers
4,2,955.26,4,2,3,423,0,0.4138844491344132,-0.8359568910118707,Regular Customers
51,3,1006.98,3,3,3,333,0,0.5534418914055452,-0.2663424294422156,Regular Customers
263,1,114.56,1,1,1,111,1,-1.8462307653217809,0.7735836725191119,Lost Customers
266,1,344.90000000000003,1,1,2,112,1,-1.651749933379125,0.9295695215692608,Lost Customers
36,2,609.85,3,2,2,322,0,-0.0455929095548005,-0.7567317272583761,Regular Customers
51,1,443.6,3,1,2,312,0,-0.5738190519067625,-0.8591865525533161,Regular Customers
24,6,2107.38,3,4,4,344,2,2.599366476568887,0.5356589941434059,VIP Customers
22,1,110.46,3,1,1,311,0,-0.741691073635223,-1.2963654290954305,Regular Customers
59,1,96.12,2,1,1,211,0,-0.9248032886272479,-0.9870370219864429,Regular Customers
170,2,693.8100000000001,1,2,3,123,1,-0.5858788874644416,0.44038116594657606,Lost Customers
68,2,830.76,2,2,3,223,0,0.007003674547635064,-0.35727611464910003,Regular Customers
157,2,597.09,1,2,2,122,0,-0.6135534184488074,0.2741580736899562,Regular Customers
201,1,236.04000000000002,1,1,1,111,1,-1.4512777844413995,0.3103539727106131,Lost Customers
5,4,1402.59,4,3,3,433,2,1.4316129311646564,-0.3001548444208183,VIP Customers
67,2,653.75,2,2,2,222,0,-0.14845254490649326,-0.46594730155198494,Regular Customers
77,1,114.18,2,1,1,211,0,-0.9912468329385287,-0.8223959911661075,Regular Customers
1,7,1926.65,4,4,4,444,2,2.850637050741121,0.37327598983137805,VIP Customers
8,4,1932.23,4,3,4,434,2,1.896724733367131,0.025072728994593143,VIP Customers
169,2,291.05,1,2,1,121,1,-0.945461206270906,0.20405772620220097,Lost Customers
18,4,848.22,4,3,3,433,0,0.8705633778641391,-0.5020961167381335,Regular Customers
5,2,247.15,4,2,1,421,0,-0.2309963992242581,-1.22778431777481,Regular Customers
9,9,2529.93,4,4,4,444,2,3.9771878143300983,1.0573169511759584,VIP Customers
87,2,285.74,2,2,1,221,0,-0.5731826973512458,-0.502454066606759,Regular Customers
27,1,107.95,3,1,1,311,0,-0.7669533240552089,-1.2548878269486388,Regular Customers
29,4,741.37,3,3,3,333,0,0.7233643255219045,-0.46814216931717395,Regular Customers
20,2,636.24,3,2,2,322,0,0.05184583523061685,-0.8790793672724551,Regular Customers
61,5,1835.7,2,4,4,244,2,1.8746413780457551,0.5623342537907092,VIP Customers
24,1,195.25,3,1,1,311,0,-0.6742199181317476,-1.2312614430305884,Regular Customers
242,3,1259.24,1,3,3,133,1,-0.09678152987281703,1.5149618202230035,Lost Customers
280,2,392.86,1,2,2,122,1,-1.3638406730888464,1.2139382998172386,Lost Customers
235,2,765.5500000000001,1,2,3,123,1,-0.8199154253632246,1.0386068958662376,Lost Customers
3,5,1736.4,4,4,4,444,2,2.0515680580031748,0.008580152161931797,VIP Customers
16,1,596.36,4,1,2,412,0,-0.2747427347522778,-1.073085435081895,Regular Customers
31,6,2548.2400000000002,3,4,4,344,2,2.9658081023866427,0.8450026856724333,VIP Customers
71,3,498.95,2,3,2,232,0,0.0021038256437867007,-0.38202469147535273,Regular Customers
188,2,52.0,1,2,1,121,1,-1.248985506768528,0.23189310670040367,Lost Customers
26,5,1201.51,3,4,3,343,2,1.4621472239474351,-0.0965521829952817,VIP Customers
107,1,628.38,2,1,2,212,0,-0.664256528843971,-0.27425582085950023,Regular Customers
209,1,112.80000000000001,1,1,1,111,1,-1.5995012835372215,0.30930191380761135,Lost Customers
44,2,355.05,3,2,2,322,0,-0.3127746794404045,-0.8321755043621595,Regular Customers
31,5,2114.33,3,4,4,344,2,2.264538318024342,0.46250653362947797,VIP Customers
137,4,591.55,2,3,2,232,0,0.09125333061419302,0.3737139441159528,Regular Customers
265,1,172.9,1,1,1,111,1,-1.8026760453791884,0.8237312816729578,Lost Customers
4,7,2078.95,4,4,4,444,2,2.974553095115864,0.48513345876303327,VIP Customers
218,2,188.61,1,2,1,121,1,-1.2634170137678729,0.5665218079021681,Lost Customers
2,5,1217.27,4,4,3,443,2,1.586762464859473,-0.29354569140598374,VIP Customers
214,1,109.13000000000001,1,1,1,111,1,-1.6258124211122404,0.35012358411255984,Lost Customers
32,3,2195.1,3,3,4,334,2,1.7151276852024866,0.2424818737994406,VIP Customers
11,9,2526.09,4,4,4,444,2,3.9645185659106614,1.072304351773065,VIP Customers
15,1,318.17,4,1,2,412,0,-0.5216872320910986,-1.238969711431079,Regular Customers
11,9,1493.96,4,4,3,443,2,3.031253135458717,0.4886776863232875,VIP Customers
199,1,179.0,1,1,1,111,1,-1.4936570273999035,0.2609414595864192,Lost Customers
3,3,1126.3700000000001,4,3,3,433,0,0.8821255752233742,-0.6106426092439883,Regular Customers
14,4,599.48,4,3,2,432,0,0.6640435606568299,-0.6770657824887806,Regular Customers
10,11,2839.62,4,4,4,444,2,4.870460410137283,1.5152892919813952,VIP Customers
29,3,917.07,3,3,3,333,0,0.5733118675214091,-0.5059291747169358,Regular Customers
9,11,2662.2,4,4,4,444,2,4.714633463326635,1.4063862670999279,VIP Customers
24,1,160.19,3,1,1,311,0,-0.7059216281795567,-1.2510864174918184,Regular Customers
25,4,867.38,3,3,3,333,0,0.8556983543047961,-0.4312062680585255,Regular Customers
43,2,307.51,3,2,2,322,0,-0.3511624334099396,-0.8676367812965494,Regular Customers
2,5,1581.84,4,4,3,443,2,1.9164114218511943,-0.08739649176734762,VIP Customers
6,3,663.81,4,3,2,432,0,0.45007717464672314,-0.8464629439983515,Regular Customers
147,1,180.42,1,1,1,111,1,-1.2532492183207018,-0.18438337996785384,Lost Customers
10,6,1122.36,4,4,3,443,2,1.7730780153515533,-0.14144025034776506,VIP Customers
25,1,655.58,3,1,2,312,0,-0.2625820531914453,-0.9623845583423168,Regular Customers
274,1,268.58,1,1,1,111,1,-1.7575477554799899,0.9550487747518523,Lost Customers
374,1,313.49,1,1,2,112,1,-2.1767930592976446,1.8383815741339968,Lost Customers
1,8,1897.57,4,4,4,444,2,3.1332652282855338,0.49397051820619764,VIP Customers
47,3,380.02,3,3,2,332,0,0.004930608873582694,-0.6551798031428447,Regular Customers
8,8,2702.4900000000002,4,4,4,444,2,3.8288946624320226,1.009175025546844,VIP Customers
4,3,1164.55,4,3,3,433,0,0.9120498949074702,-0.5804740237230929,Regular Customers
43,7,1314.45,3,4,3,343,2,2.103939337269694,0.3874362904307622,VIP Customers
197,3,1448.21,1,3,3,133,1,0.2810216936091227,1.2357443835276456,Lost Customers
12,6,1400.34,4,4,3,443,2,2.015234092821265,0.03290466030820659,VIP Customers
16,7,1099.98,4,4,3,443,2,2.0341732096761915,0.034519133403189635,VIP Customers
113,5,1220.26,2,4,3,243,2,1.0790286629894936,0.6604562747858158,VIP Customers
249,1,328.2,1,1,2,112,1,-1.5886751944254005,0.7742768948761389,Lost Customers
29,5,1415.75,3,4,3,343,2,1.642070225548684,0.05032978445686936,VIP Customers
44,1,389.64,3,1,2,312,0,-0.5904206429984109,-0.9497543564882236,Regular Customers
87,1,563.15,2,1,2,212,0,-0.6312676445427665,-0.48272828956351777,Regular Customers
45,2,638.05,3,2,2,322,0,-0.06148091726045523,-0.6635713727032633,Regular Customers
15,1,738.96,4,1,3,413,0,-0.14120341660286204,-1.001030435802416,Regular Customers
75,1,420.5,2,1,2,212,0,-0.7050712167135785,-0.666343509417726,Regular Customers
145,4,1484.06,1,3,3,133,2,0.861484251970797,0.9470263406891138,VIP Customers
5,3,1625.97,4,3,3,433,2,1.3246733520882779,-0.3109807892868825,VIP Customers
297,1,89.2,1,1,1,111,1,-2.025511802910042,1.0509425853650851,Lost Customers
59,2,255.9,2,2,1,221,0,-0.4714054316866789,-0.7595500042577192,Regular Customers
264,1,300.52,1,1,1,111,1,-1.6826818389387337,0.8873157128569086,Lost Customers
47,1,278.3,3,1,1,311,0,-0.7048913309968673,-0.9869743623699923,Regular Customers
29,3,254.11,3,3,1,331,0,-0.026145225841269045,-0.8808055315000781,Regular Customers
8,6,2473.37,4,4,4,444,2,3.0038759781208744,0.605341055413801,VIP Customers
17,2,192.60000000000002,4,2,1,421,0,-0.3355036434090633,-1.1556775110339654,Regular Customers
232,2,876.42,1,2,3,123,1,-0.7058697175051696,1.0755611362603628,Lost Customers
112,1,139.26,2,1,1,211,0,-1.129517898669672,-0.507935971781136,Regular Customers
58,3,1011.9,2,3,3,233,0,0.525700873805107,-0.20350470957971867,Regular Customers
51,11,2538.2999999999997,3,4,4,344,2,4.409462989340238,1.6966599456062872,VIP Customers
127,2,730.86,2,2,3,223,0,-0.35464078302029517,0.0924180374861192,Regular Customers
281,3,386.15,1,3,2,132,1,-1.0655837844129854,1.3558615150754172,Lost Customers
55,2,447.68,2,2,2,222,0,-0.279601309639543,-0.6854238984835235,Regular Customers
320,1,200.10000000000002,1,1,1,111,1,-2.0310008819237217,1.3109776848147643,Lost Customers
26,2,289.99,3,2,1,321,0,-0.2888291491692556,-1.0233930839468364,Regular Customers
10,2,77.4,4,2,1,421,0,-0.40747924258193885,-1.2808739925503254,Regular Customers
7,2,679.44,4,2,3,423,0,0.15068879625678866,-0.9661835083991468,Regular Customers
29,1,197.64,3,1,1,311,0,-0.6950515245347837,-1.187013094310493,Regular Customers
17,4,745.06,4,3,3,433,0,0.7818832932368989,-0.5690081945719417,Regular Customers
64,1,6.2,2,1,1,211,0,-1.0291028030312324,-0.9949861459564824,Regular Customers
21,1,228.99,3,1,1,311,0,-0.6299161639527431,-1.2379210155342002,Regular Customers
3,7,1319.91,4,4,3,443,2,2.292817745623906,0.047348470215264685,VIP Customers
166,1,131.45000000000002,1,1,1,111,1,-1.384900699483254,-0.04906565076484291,Lost Customers
53,3,173.74,2,3,1,231,0,-0.20918167286251818,-0.72034629576308,Regular Customers
51,1,157.7,3,1,1,311,0,-0.8323335670998203,-1.0208511332283199,Regular Customers
61,1,189.34,2,1,1,211,0,-0.8497096169884892,-0.9171662208985498,Regular Customers
162,3,845.5500000000001,1,3,3,133,0,-0.10296262255972143,0.5946868527531374,Regular Customers
9,1,353.27,4,1,2,412,0,-0.4623581427675464,-1.2705984021614805,Regular Customers
15,4,546.4,4,3,2,432,0,0.6114493960578953,-0.698500938249455,Regular Customers
75,1,193.39000000000001,2,1,1,211,0,-0.9104270458338842,-0.7947647857979291,Regular Customers
40,8,2718.6,3,4,4,344,2,3.6963084108872444,1.2928247405617137,VIP Customers
41,11,2085.33,3,4,4,344,2,4.045866948685742,1.3547304100663067,VIP Customers
370,2,152.88,1,2,1,121,1,-1.9947018856489687,1.850383825708562,Lost Customers
37,2,778.5,3,2,3,323,0,0.10230408867857244,-0.652787773284638,Regular Customers
197,1,271.85,1,1,1,111,1,-1.4005037740929738,0.2962855186811001,Lost Customers
200,2,1110.34,1,2,3,123,1,-0.34720307339753714,0.933293006086945,Lost Customers
74,3,657.8,2,3,2,232,0,0.13194246559220785,-0.26646346947122007,Regular Customers
64,2,272.07,2,2,1,221,0,-0.479776982058374,-0.7075096376233125,Regular Customers
21,4,507.29,3,3,2,332,0,0.5484944123449617,-0.6691397360412875,Regular Customers
367,1,48.800000000000004,1,1,1,111,1,-2.38393946951008,1.6286547037925014,Lost Customers
180,3,321.43,1,3,2,132,1,-0.6596524062811879,0.4527476025298441,Lost Customers
10,4,1127.71,4,3,3,433,2,1.1600701683167824,-0.4126911696558058,VIP Customers
197,3,2139.76,1,3,4,134,2,0.9063302384911067,1.6267871983782882,VIP Customers
29,4,697.55,3,3,3,333,0,0.6837417090274666,-0.4929205601012896,Regular Customers
53,1,188.88,2,1,1,211,0,-0.813337273994036,-0.986061376509357,Regular Customers
18,6,1720.3,4,4,4,444,2,2.276954894244292,0.2653050404910978,VIP Customers
10,3,102.44999999999999,4,3,1,431,0,-0.07590601184619895,-1.1295711964177653,Regular Customers
90,4,1649.5,2,3,3,233,2,1.2639966932959903,0.5687098599720456,VIP Customers
268,1,62.85,1,1,1,111,1,-1.9159802985242027,0.7872407172359976,Lost Customers
44,4,2824.69,3,3,4,334,2,2.5381514605557736,0.8385795091215619,VIP Customers
149,1,309.4,1,1,2,112,1,-1.1458208874888556,-0.09429178347968747,Lost Customers
312,1,325.75,1,1,2,112,1,-1.880598229342012,1.3133924986650436,Lost Customers
23,2,511.35,3,2,2,322,0,-0.07487693979430314,-0.9239613356171349,Regular Customers
58,6,2836.69,2,4,4,244,2,3.102467912505442,1.2397524613720474,VIP Customers
24,2,475.8,3,2,2,322,0,-0.11162024936933314,-0.9354840041471943,Regular Customers
78,7,2740.03,2,4,4,244,2,3.232018668628015,1.4938209171446686,VIP Customers
119,2,645.65,2,2,2,222,0,-0.39490049725778187,-0.0243997246731544,Regular Customers
36,3,1290.53,3,3,3,333,0,0.8788095327794861,-0.23469738503294252,Regular Customers
60,2,1173.12,2,2,3,223,0,0.35335834037693997,-0.2323207926558333,Regular Customers
13,4,1353.74,4,3,3,433,2,1.350653841950652,-0.2591424466731956,VIP Customers
19,1,170.32,3,1,1,311,0,-0.6737692742066814,-1.2882552259878808,Regular Customers
52,1,125.79,2,1,1,211,0,-0.865785541119402,-1.0303155328753535,Regular Customers
26,2,841.2,3,2,3,323,0,0.20958213421502367,-0.7117067127895479,Regular Customers
29,1,266.76,3,1,1,311,0,-0.6325523175038492,-1.147928603872381,Regular Customers
7,2,52.2,4,2,1,421,0,-0.41646980643538917,-1.3208616881213897,Regular Customers
186,3,710.28,1,3,3,133,1,-0.33564036683210347,0.7241024176994474,Lost Customers
9,2,721.45,4,2,3,423,0,0.1794777168530972,-0.9252698362946986,Regular Customers
262,1,327.25,1,1,2,112,1,-1.6493151534686878,0.8852716569665205,Lost Customers
3,4,501.28000000000003,4,3,2,432,0,0.6258337240856804,-0.8269669921252333,Regular Customers
210,1,519.68,1,1,2,112,1,-1.2361936069042605,0.5479550425074989,Lost Customers
108,2,1465.32,2,2,3,223,0,0.396839711852258,0.3447164447186039,Regular Customers
13,9,1476.09,4,4,3,443,2,3.005897777741768,0.49573170438499603,VIP Customers
77,3,690.59,2,3,3,233,0,0.14779600660660713,-0.22218394400395666,Regular Customers
20,1,255.4,3,1,1,311,0,-0.6014373617889217,-1.2315666375510788,Regular Customers
27,2,589.7,3,2,2,322,0,-0.022425986678442405,-0.8453401410144902,Regular Customers
19,6,761.59,3,4,3,343,2,1.4054782518758961,-0.26822628244937174,VIP Customers
132,1,765.3199999999999,2,1,3,213,0,-0.6553969699043404,0.017662578699594443,Regular Customers
253,1,364.8,1,1,2,112,1,-1.5739751367600825,0.829290197757268,Lost Customers
79,1,1862.0,2,1,4,214,0,0.5799577755258108,0.18308241812346765,Regular Customers
207,1,369.2,1,1,2,112,1,-1.3584639835012795,0.4371267080173563,Lost Customers
336,1,135.9,1,1,1,111,1,-2.162627922684828,1.4119453395356572,Lost Customers
254,1,125.65,1,1,1,111,1,-1.7948162263047054,0.7026401818140197,Lost Customers
148,2,554.38,1,2,2,122,0,-0.6107855423117127,0.17279291652695836,Regular Customers
10,2,1237.8500000000001,4,2,3,423,0,0.6418148083302124,-0.6246876943890524,Regular Customers
85,1,655.75,2,1,2,212,0,-0.5383404445020078,-0.44752559508992384,Regular Customers
205,2,468.77000000000004,1,2,2,122,1,-0.9503117249342614,0.6134087092265044,Lost Customers
8,4,1366.38,4,3,3,433,2,1.3850757707158834,-0.2948919543735452,VIP Customers
23,6,1269.31,3,4,3,343,2,1.846171168574979,0.05318582157763922,VIP Customers
11,9,1421.29,4,4,3,443,2,2.9655439720481556,0.4475858182657411,VIP Customers
26,1,332.66,3,1,2,312,0,-0.5591690711646181,-1.1364030315193712,Regular Customers
21,5,2795.33,3,4,4,344,2,2.926292766329173,0.7617899555852435,VIP Customers
2,2,1025.44,4,2,3,423,0,0.4865391922649643,-0.8134317757573517,Regular Customers
158,2,616.15,1,2,2,122,0,-0.6009176525614629,0.29351509299012396,Regular Customers
74,1,277.8,2,1,1,211,0,-0.8295038859184106,-0.7556138157226417,Regular Customers
3,4,434.35,4,3,2,432,0,0.5653147436664031,-0.8648131284826239,Regular Customers
17,2,867.85,4,2,3,423,0,0.27506622851857687,-0.7738516694781901,Regular Customers
36,4,1227.43,3,3,3,333,2,1.1306763818633616,-0.13323975429563106,VIP Customers
91,2,307.48,2,2,2,222,0,-0.571919245827127,-0.4558434768030367,Regular Customers
71,4,1268.98,2,3,3,233,2,1.0072977053075582,0.1905333663265468,VIP Customers
116,2,1610.15,2,2,3,223,0,0.49100860900618454,0.4952468417146866,Regular Customers
213,2,977.77,1,2,3,123,1,-0.5268555560144873,0.9698621224674839,Lost Customers
30,2,1316.07,3,2,3,323,0,0.6205716517392484,-0.4088699199733585,Regular Customers
51,1,749.1,3,1,3,313,0,-0.29758196064590503,-0.6864389855850979,Regular Customers
246,1,310.05,1,1,2,112,1,-1.591291056172831,0.738275681619726,Lost Customers
32,1,223.88,3,1,1,311,0,-0.6851205790940623,-1.146437321915707,Regular Customers
109,3,2362.96,2,3,4,234,2,1.5128216855747854,0.9980120402966127,VIP Customers
5,5,1257.68,4,4,3,443,2,1.6095061094267618,-0.24495737228799092,VIP Customers
366,1,363.53,1,1,2,112,1,-2.0947579565366667,1.7980420719827481,Lost Customers
82,2,1890.94,2,2,4,224,2,0.9012527897065923,0.36232298952564285,VIP Customers
297,1,1784.71,1,1,4,114,1,-0.4924095096082525,2.009683100161431,Lost Customers
57,3,1621.88,2,3,3,233,2,1.0818512941263707,0.1328342761141824,VIP Customers
14,1,100.9,4,1,1,411,0,-0.7135470695293911,-1.3704062569138016,Regular Customers
72,2,290.82,2,2,1,221,0,-0.49961126809976325,-0.6282722463337863,Regular Customers
23,6,1101.97,3,4,3,343,2,1.6948601543308157,-0.0414380011931026,VIP Customers
19,1,371.2,3,1,2,312,0,-0.4921309537730281,-1.1746659256521175,Regular Customers
79,1,311.69,2,1,2,212,0,-0.8218527807839113,-0.6935535247455942,Regular Customers
25,1,285.67,3,1,1,311,0,-0.5970595079485773,-1.1715533062873698,Regular Customers
12,1,294.85,4,1,1,411,0,-0.5289778753829435,-1.2778943450515696,Regular Customers
253,1,58.49,1,1,1,111,1,-1.8509446406033339,0.6560846094167282,Lost Customers
147,3,483.73,1,3,2,132,0,-0.361146966740673,0.26140195511894393,Regular Customers
64,4,695.42,2,3,3,233,0,0.5208670058062811,-0.19384666607541856,Regular Customers
8,2,221.27,4,2,1,421,0,-0.268193038714849,-1.2166802415842255,Regular Customers
271,1,126.7,1,1,1,111,1,-1.872041899720729,0.8490833832271,Lost Customers
10,5,1472.34,4,4,3,443,2,1.780611810264126,-0.0806791510954122,VIP Customers
247,1,206.21,1,1,1,111,1,-1.689783075935108,0.688137853193563,Lost Customers
96,2,596.09,2,2,2,222,0,-0.3339469888564064,-0.24974960069294638,Regular Customers
15,1,183.02,4,1,1,411,0,-0.6438916277830949,-1.315391425590669,Regular Customers
50,1,463.8,3,1,2,312,0,-0.5509554128746267,-0.8563436717579938,Regular Customers
30,1,147.59,3,1,1,311,0,-0.7449059235477267,-1.2067349108635939,Regular Customers
68,4,1592.06,2,3,3,233,2,1.3132264676221324,0.34748355168409456,VIP Customers
35,3,1097.98,3,3,3,333,0,0.7093018423001737,-0.3521557967825905,Regular Customers
128,1,114.77,2,1,1,211,0,-1.2252386386321903,-0.3845139606467966,Regular Customers
107,3,1314.45,2,3,3,233,0,0.5739423153743748,0.38796440369621804,Regular Customers
37,1,89.94,3,1,1,311,0,-0.8292235526054214,-1.1792779283667316,Regular Customers
57,1,279.94,2,1,1,211,0,-0.749393772826046,-0.900253204570653,Regular Customers
57,7,790.86,2,4,3,243,2,1.5661229269746137,0.2114792108501697,VIP Customers
72,5,1921.3700000000001,2,4,4,244,2,1.9015214249164185,0.7051502686182854,VIP Customers
246,1,102.12,1,1,1,111,1,-1.779304078712504,0.6206998989693115,Lost Customers
19,2,202.37,3,2,1,321,0,-0.33586655201815596,-1.1329942204648868,Regular Customers
198,2,292.01,1,2,1,121,1,-1.077950680369063,0.45340260341370087,Lost Customers
16,2,326.4,4,2,2,422,0,-0.20992140022886394,-1.088598546416746,Regular Customers
212,1,334.54,1,1,2,112,1,-1.412796683950845,0.46042481989237,Lost Customers
39,2,231.98000000000002,3,2,1,321,0,-0.40106350568339233,-0.9446633829733337,Regular Customers
46,3,546.1999999999999,3,3,2,332,0,0.15979127108823896,-0.569791292802447,Regular Customers
170,2,414.87,1,2,2,122,1,-0.8381000797273013,0.28265217632263234,Lost Customers
48,1,490.52,3,1,2,312,0,-0.5175977695352274,-0.8583933822332254,Regular Customers
116,4,1641.76,2,3,3,233,2,1.1374361709116632,0.7873971066042178,VIP Customers
147,1,1220.77,1,1,3,113,0,-0.31255115647705795,0.40389135422326183,Regular Customers
51,1,480.38,3,1,2,312,0,-0.5405620953876976,-0.8383889894990082,Regular Customers
159,1,156.91,1,1,1,111,1,-1.3296896889777263,-0.09472474187285712,Lost Customers
12,3,1259.43,4,3,3,433,0,0.961053349480448,-0.4581882780201772,Regular Customers
36,1,308.94,3,1,2,312,0,-0.6266023563141743,-1.0640219008830891,Regular Customers
54,2,405.04,2,2,2,222,0,-0.31355841959212816,-0.7181144288446096,Regular Customers
43,2,257.67,3,2,1,321,0,-0.39622841255377306,-0.8958192321564381,Regular Customers
173,1,170.04,1,1,1,111,1,-1.3821968631957935,0.03281105626564055,Lost Customers
34,1,125.58,3,1,1,311,0,-0.7832017936035178,-1.1848631297500827,Regular Customers
39,3,496.21,3,3,2,332,0,0.1467794058633848,-0.6581142265544941,Regular Customers
267,1,252.81,1,1,1,111,1,-1.739617449631369,0.8860758303341831,Lost Customers
9,9,1871.77,4,4,4,444,2,3.382070943677902,0.6851547951176852,VIP Customers
12,4,852.39,4,3,3,433,0,0.9019251570970259,-0.5512144383894091,Regular Customers
10,10,1636.43,4,4,3,443,2,3.4735975993751382,0.697797237099452,VIP Customers
33,1,361.96,3,1,2,312,0,-0.5648653742480688,-1.0597794338084776,Regular Customers
80,3,469.0,2,3,2,232,0,-0.06636417177322267,-0.3217457477850579,Regular Customers
31,4,1066.15,3,3,3,333,0,1.007837574418811,-0.26733380159373044,Regular Customers
8,4,627.13,4,3,2,432,0,0.7166362626484889,-0.7129071389275725,Regular Customers
72,2,518.28,2,2,2,222,0,-0.2939389644068184,-0.4996530594840616,Regular Customers
4,4,653.19,4,3,2,432,0,0.7585941956162491,-0.7324888131794753,Regular Customers
5,10,2557.18,4,4,4,444,2,4.329144454310246,1.1755462336200797,VIP Customers
90,1,252.73000000000002,2,1,1,211,0,-0.9257490694584456,-0.6325197705092239,Regular Customers
72,3,429.56,2,3,2,232,0,-0.06523805404013827,-0.41268247511573786,Regular Customers
59,6,685.74,2,4,3,243,2,1.1529522858986017,0.0320589150528922,VIP Customers
170,1,179.93,1,1,1,111,1,-1.359458590609494,0.01266529891033649,Lost Customers
199,1,135.93,1,1,1,111,1,-1.5326014840958286,0.2365871626655644,Lost Customers
31,1,537.0,3,1,2,312,0,-0.3973948491547894,-0.9779603418852602,Regular Customers
152,2,735.66,1,2,3,123,0,-0.46526393844796315,0.30961675292351054,Regular Customers
270,1,343.62,1,1,2,112,1,-1.671301466604024,0.9631632570632993,Lost Customers
65,4,381.0,2,3,2,232,0,0.23196579888291935,-0.36305874213551736,Regular Customers
274,1,121.17000000000002,1,1,1,111,1,-1.8908378033450077,0.87169453957416,Lost Customers
25,3,1737.69,3,3,4,334,2,1.3337213331642166,-0.07622015564554085,VIP Customers
23,3,1383.36,3,3,3,333,0,1.0225285882059079,-0.2937378215814585,Regular Customers
319,1,207.73000000000002,1,1,1,111,1,-2.0195032011146594,1.3067127524618363,Lost Customers
5,3,693.95,4,3,3,433,0,0.48192869154181467,-0.8379994058686132,Regular Customers
12,2,302.1,4,2,1,421,0,-0.21349963719857282,-1.1366567099403984,Regular Customers
275,2,1489.5,1,2,3,123,1,-0.34925178220652947,1.7911457891497813,Lost Customers
25,11,2102.54,3,4,4,344,2,4.135005017537362,1.227191861165916,VIP Customers
41,9,1337.72,3,4,3,343,2,2.7520228324667633,0.657711870383832,VIP Customers
8,4,294.25,4,3,1,431,0,0.4156418176765927,-0.9011369591972304,Regular Customers
71,4,987.86,2,3,3,233,0,0.7531053285636883,0.03157167720672518,Regular Customers
213,1,370.79999999999995,1,1,2,112,1,-1.3846084533509415,0.489507725123318,Lost Customers
53,1,893.59,2,1,3,213,0,-0.17612928518081522,-0.5875771280046987,Regular Customers
78,3,1744.76,2,3,4,234,2,1.096391757878653,0.38248480702934484,VIP Customers
46,2,553.36,3,2,2,322,0,-0.14265725683404018,-0.702880671154168,Regular Customers
179,1,1109.53,1,1,3,113,1,-0.5602889418092994,0.615529931256454,Lost Customers
373,1,106.2,1,1,1,111,1,-2.359628850350394,1.712588304325064,Lost Customers
94,2,982.07,2,2,3,223,0,0.024258240101243958,-0.04865269608142814,Regular Customers
10,3,1043.41,4,3,3,433,0,0.7749223134985361,-0.5974973809859662,Regular Customers
105,1,735.67,2,1,3,213,0,-0.5580464388830094,-0.2307465412508387,Regular Customers
78,1,773.03,2,1,3,213,0,-0.40010459039722657,-0.44126428816513347,Regular Customers
173,1,880.85,1,1,3,113,1,-0.7394731746880024,0.4347446015248196,Lost Customers
213,4,895.61,1,3,3,133,1,0.016699685521931764,1.1976801755927788,Lost Customers
22,5,504.8,3,4,2,342,0,0.8505670801537875,-0.5248302859791619,Regular Customers
257,1,88.2,1,1,1,111,1,-1.8424746109536863,0.7072019033407015,Lost Customers
282,1,306.94,1,1,2,112,1,-1.7596504233229326,1.045374806919437,Lost Customers
21,2,1160.07,3,2,3,323,0,0.5209012297783315,-0.5742958688281057,Regular Customers
10,6,2420.84,4,4,4,444,2,2.94718059558199,0.592796282408019,VIP Customers
308,1,381.32,1,1,2,112,1,-1.8119569688354373,1.310497504286241,Lost Customers
68,1,480.71,2,1,2,212,0,-0.6184388022102937,-0.692352918194658,Regular Customers
215,2,457.81,1,2,2,122,1,-1.0062072513784541,0.6930050901230627,Lost Customers
104,4,1370.6,2,3,3,233,2,0.9474321777983542,0.5311148169264883,VIP Customers
43,1,219.39000000000001,3,1,1,311,0,-0.7397643821352777,-1.0546030440369183,Regular Customers
4,1,248.08,4,1,1,411,0,-0.5344796394139903,-1.3729758830725183,Regular Customers
84,1,410.48,2,1,2,212,0,-0.7555182477514426,-0.5947949781343816,Regular Customers
334,3,876.0,1,3,3,133,1,-0.8663773763305722,2.0875585248236788,Lost Customers
9,2,317.53000000000003,4,2,2,422,0,-0.18575202423392598,-1.1536698272924162,Regular Customers
31,2,703.36,3,2,3,323,0,0.061952729751398226,-0.7467526073295284,Regular Customers
197,2,993.54,1,2,3,123,1,-0.4390195539760104,0.8415093133496325,Lost Customers
18,7,2298.93,4,4,4,444,2,3.1090823933276113,0.72963434438885,VIP Customers
18,5,1422.52,4,4,3,443,2,1.698775634377378,-0.040215248077606715,VIP Customers
311,6,319.5,1,4,2,142,1,-0.3370375585436881,1.9869693080476225,Lost Customers
142,4,1300.25,2,3,3,233,2,0.7090764539278718,0.817351274915663,VIP Customers
246,1,484.95,1,1,2,112,1,-1.4331441911596592,0.8371743705321363,Lost Customers
24,4,996.1,3,3,3,333,0,0.9766871951164026,-0.36699983254179225,Regular Customers
29,3,1567.48,3,3,3,333,2,1.1614210869223072,-0.1381493219123571,VIP Customers
30,10,2760.56,3,4,4,344,2,4.3980799292674595,1.5050336948792347,VIP Customers
18,1,340.11,4,1,2,412,0,-0.5156444028285171,-1.200825410518988,Regular Customers
18,4,1352.75,4,3,3,433,2,1.3267659953889852,-0.21680534763019527,VIP Customers
15,5,1551.78,4,4,3,443,2,1.8294498204949659,0.0071377738436725095,VIP Customers
134,1,244.8,2,1,1,211,0,-1.13525502458453,-0.2595111103960615,Regular Customers
246,1,266.4,1,1,1,111,1,-1.6307599564462727,0.7135934187779495,Lost Customers
134,1,358.82,2,1,2,212,0,-1.0321566509492994,-0.19503753401073826,Regular Customers
50,2,457.71999999999997,3,2,2,322,0,-0.24753033484248918,-0.7226435982431773,Regular Customers
114,3,1633.78,2,3,3,233,2,0.8304949274411255,0.6285879256224711,VIP Customers
7,2,2199.31,4,2,4,424,2,1.5249751068775401,-0.10676012179362865,VIP Customers
23,2,184.19,3,2,1,321,0,-0.3706992860362087,-1.1089567333563242,Regular Customers
66,1,406.53,2,1,2,212,0,-0.6763162570974756,-0.7514573897405714,Regular Customers
60,4,1471.0,2,3,3,233,2,1.2405507150157367,0.21039410286095653,VIP Customers
170,1,330.11,1,1,2,112,1,-1.2236638725553024,0.09758585408967202,Lost Customers
18,5,977.9300000000001,4,4,3,443,2,1.2967715479496706,-0.2916124356337446,VIP Customers
128,3,982.42,2,3,3,233,0,0.1771472138714141,0.38038221549677453,Regular Customers
15,8,1387.99,4,4,3,443,2,2.6081168430266715,0.3259355119913162,VIP Customers
239,1,139.05,1,1,1,111,1,-1.7137217443550548,0.581526616676765,Lost Customers
3,4,1286.7,4,3,3,433,2,1.3360207493495193,-0.3828445893488734,VIP Customers
240,2,178.96,1,2,1,121,1,-1.3733104426036415,0.7498115064752328,Lost Customers
52,7,2354.25,2,4,4,244,2,3.0027532657980283,1.0526144477519948,VIP Customers
46,1,498.74,3,1,2,312,0,-0.5009680678924758,-0.8709040746688891,Regular Customers
226,1,259.45,1,1,1,111,1,-1.5450735347353044,0.5380758705417148,Lost Customers
4,4,1194.73,4,3,3,433,2,1.2482617386650372,-0.4262704255658293,VIP Customers
165,2,1327.16,1,2,3,123,0,0.00979713268058309,0.7556173940656788,Regular Customers
240,1,623.5,1,1,2,112,1,-1.2802742602945825,0.8640423600075028,Lost Customers
11,1,301.29,4,1,1,411,0,-0.5185562081208548,-1.2828321730008714,Regular Customers
134,1,520.8000000000001,2,1,2,212,0,-0.8856922187318403,-0.10344456871609996,Regular Customers
31,1,329.25,3,1,2,312,0,-0.5852451133428194,-1.0954343420084922,Regular Customers
75,1,254.28,2,1,1,211,0,-0.8553695123252962,-0.7603340186859985,Regular Customers
1,3,961.49,4,3,3,433,0,0.7422359953693846,-0.7210341653202368,Regular Customers
4,3,1936.07,4,3,4,434,2,1.609668358572206,-0.14421149387916585,VIP Customers
45,1,401.40000000000003,3,1,2,312,0,-0.584385632483257,-0.9345251841237938,Regular Customers
357,1,158.16,1,1,1,111,1,-2.2390693775010155,1.6046994377557553,Lost Customers
18,2,304.47,4,2,1,421,0,-0.23894786298842843,-1.083840289801489,Regular Customers
69,3,824.58,2,3,3,233,0,0.30573979614777824,-0.21505320639421735,Regular Customers
373,1,487.75,1,1,2,112,1,-2.014626355520344,1.9283389890279239,Lost Customers
321,1,158.8,1,1,1,111,1,-2.072943416620683,1.2962036299997057,Lost Customers
26,1,106.56,3,1,1,311,0,-0.7636116450895932,-1.264253194830383,Regular Customers
331,1,1289.5,1,1,3,113,1,-1.0965350556381304,2.021361344136644,Lost Customers
9,5,1624.05,4,4,3,443,2,1.9223885094328097,-0.0034728250235254907,VIP Customers
323,1,135.75,1,1,1,111,1,-2.102982598012693,1.3003285731124932,Lost Customers
72,1,224.14,2,1,1,211,0,-0.8688268887182838,-0.8031150791697405,Regular Customers
260,1,40.5,1,1,1,111,1,-1.8994011795156749,0.7059676754028196,Lost Customers
18,5,2206.95,4,4,4,444,2,2.40806748870718,0.403347350799249,VIP Customers
367,1,87.5,1,1,1,111,1,-2.3489464239068227,1.650537947136757,Lost Customers
66,3,689.48,2,3,3,233,0,0.19737621648559403,-0.31718478939509254,Regular Customers
154,2,622.85,1,2,2,122,0,-0.5764652845259784,0.26298614248124985,Regular Customers
29,2,402.2,3,2,2,322,0,-0.2011630065576803,-0.9342048456526796,Regular Customers
70,1,310.62,2,1,2,212,0,-0.781433472633389,-0.7713729906203542,Regular Customers
14,2,411.41,4,2,2,422,0,-0.12385717734905409,-1.057687681839351,Regular Customers
120,3,1044.32,2,3,3,233,0,0.26990628357954033,0.3467490509698891,Regular Customers
61,1,499.32,2,1,2,212,0,-0.5694216511978489,-0.741885399920454,Regular Customers
11,3,1079.61,4,3,3,433,0,0.8030562913145584,-0.5684484032640791,Regular Customers
92,2,193.64,2,2,1,221,0,-0.6794533962362407,-0.5116358900726764,Regular Customers
59,4,1268.7,2,3,3,233,2,1.0622269471557586,0.08742247088891865,VIP Customers
87,5,1236.54,2,4,3,243,2,1.213311164946219,0.44659804360997263,VIP Customers
26,6,1827.8,3,4,4,344,2,2.3373695176935776,0.3947268722664812,VIP Customers
357,1,316.58,1,1,2,112,1,-2.0958239437938304,1.6942793708461157,Lost Customers
85,2,653.24,2,2,2,222,0,-0.23168732582894955,-0.31180683478598603,Regular Customers
10,4,420.3,4,3,2,432,0,0.5204208042289159,-0.8127021560682027,Regular Customers
1,5,870.12,4,4,3,443,2,1.277463434580067,-0.498423984835784,VIP Customers
225,1,331.18,1,1,2,112,1,-1.4756157964800196,0.5700568270354738,Lost Customers
60,2,894.4100000000001,2,2,3,223,0,0.10134511711895781,-0.38991972682837694,Regular Customers
241,1,101.8,1,1,1,111,1,-1.756600751265573,0.5776220493118155,Lost Customers
319,2,328.35,1,2,2,122,1,-1.6015143277871022,1.5120564159435046,Lost Customers
2,8,1661.44,4,4,4,444,2,2.9151548621962555,0.3690281868856794,VIP Customers
47,3,734.94,3,3,3,333,0,0.32585390979110673,-0.4544872778781638,Regular Customers
88,1,96.6,2,1,1,211,0,-1.0577267849964533,-0.73796356484743,Regular Customers
176,1,305.75,1,1,1,111,1,-1.2732817135641523,0.13528756894196778,Lost Customers
52,6,1778.96,2,4,4,244,2,2.173645838350752,0.5901737751919638,VIP Customers
366,1,403.25,1,1,2,112,1,-2.058842613607432,1.820502082981038,Lost Customers
319,1,585.0,1,1,2,112,1,-1.6783707382014557,1.5200432748516879,Lost Customers
226,2,755.75,1,2,3,123,1,-0.7873898972673907,0.9558509774231221,Lost Customers
358,2,322.08,1,2,2,122,1,-1.786526613598182,1.8431068341981798,Lost Customers
234,1,409.40000000000003,1,1,2,112,1,-1.4462750666901978,0.6915014149776577,Lost Customers
311,1,154.41,1,1,1,111,1,-2.0309275607193844,1.2079274613684106,Lost Customers
37,5,1219.4,3,4,3,343,2,1.42773970929384,0.007937055763208349,VIP Customers
239,2,429.6,1,2,2,122,1,-1.1420799449458034,0.8829586404036358,Lost Customers
113,2,612.06,2,2,2,222,0,-0.3976818033473501,-0.09486975869339859,Regular Customers
277,1,197.0,1,1,1,111,1,-1.836066932026624,0.9403113982077477,Lost Customers
299,1,321.05,1,1,2,112,1,-1.8250670741141874,1.1992028961380978,Lost Customers
2,4,1412.32,4,3,3,433,2,1.4542065296606064,-0.32039107513361803,VIP Customers
29,3,1071.99,3,3,3,333,0,0.7133925555022014,-0.4183283463217923,Regular Customers
10,2,780.59,4,2,3,423,0,0.22835434237296276,-0.8832492409418756,Regular Customers
45,5,1706.57,3,4,4,344,2,1.8314569070115698,0.35204651029087797,VIP Customers
67,8,1756.44,2,4,4,244,2,2.7021503201820147,0.9804064811512682,VIP Customers
74,1,316.68,2,1,2,212,0,-0.79434808196351,-0.7336287898512037,Regular Customers
65,2,631.57,2,2,2,222,0,-0.1593109204301248,-0.49564793191181844,Regular Customers
134,3,2515.84,2,3,4,234,2,1.5360944007654735,1.2989438480962094,VIP Customers
238,2,514.15,1,2,2,122,1,-1.0610301952012742,0.9221887746667319,Lost Customers
122,1,356.0,2,1,2,212,0,-0.9795241102853955,-0.29958469399860954,Regular Customers
36,2,740.78,3,2,3,323,0,0.07279570700423081,-0.6826962479027335,Regular Customers
16,5,918.1999999999999,4,4,3,443,2,1.2519599718471677,-0.3425460320808338,VIP Customers
127,1,300.36,2,1,1,211,0,-1.0528272008320243,-0.28814990112521033,Regular Customers
67,1,890.85,2,1,3,213,0,-0.24298632073541213,-0.4690151560127989,Regular Customers
149,1,98.45,1,1,1,111,1,-1.336564633483873,-0.21357525075283187,Lost Customers
283,1,317.15,1,1,2,112,1,-1.7550169430580382,1.0597275186331274,Lost Customers
169,2,623.16,1,2,2,122,1,-0.6451630053588163,0.3918521434389111,Lost Customers
100,7,1810.77,2,4,4,244,2,2.2906018633785066,1.1571093389267573,VIP Customers
135,1,254.82,2,1,1,211,0,-1.1307933448019258,-0.2452658357943968,Regular Customers
324,1,178.95000000000002,1,1,1,111,1,-2.068519128743885,1.3333357602248141,Lost Customers
107,1,156.51,2,1,1,211,0,-1.0909275476762488,-0.541078715868643,Regular Customers
64,1,393.74,2,1,2,212,0,-0.6786840719437275,-0.77584836493238,Regular Customers
151,2,1506.12,1,2,3,123,0,0.23599459449373408,0.7367005161855282,Regular Customers
338,1,119.3,1,1,1,111,1,-2.186834929809629,1.4197174898724876,Lost Customers
22,5,1717.36,3,4,4,344,2,1.9469796738666039,0.16082205380146877,VIP Customers
24,1,408.8,3,1,2,312,0,-0.48112521816855247,-1.11050778369814,Regular Customers
16,7,2379.49,4,4,4,444,2,3.1911228680695785,0.7580289187108978,VIP Customers
57,2,721.94,2,2,3,223,0,-0.040808904770454804,-0.5131824933893251,Regular Customers
4,2,716.57,4,2,3,423,0,0.19805783272507088,-0.9709261766408199,Regular Customers
38,1,615.14,3,1,2,312,0,-0.3589293861590902,-0.8737197517988257,Regular Customers
66,1,128.63,2,1,1,211,0,-0.9275970677730642,-0.9085983025407934,Regular Customers
47,1,255.89999999999998,3,1,1,311,0,-0.7251457036457813,-0.9996406324193805,Regular Customers
355,1,290.51,1,1,1,111,1,-2.1101997081390813,1.6623791069821705,Lost Customers
172,1,113.12,1,1,1,111,1,-1.4290661357120613,-0.00795422125193061,Lost Customers
59,9,2332.15,2,4,4,244,2,3.568425798120666,1.374449601566718,VIP Customers
50,1,240.55,3,1,1,311,0,-0.7528209795652534,-0.9825822783886148,Regular Customers
22,2,486.69,3,2,2,322,0,-0.09257629884387616,-0.9464849224296498,Regular Customers
43,5,2306.52,3,4,4,344,2,2.383136605419583,0.6741345667982708,VIP Customers
29,3,939.78,3,3,3,333,0,0.5938465462203748,-0.49308761253739997,Regular Customers
201,1,178.39,1,1,1,111,1,-1.5034056676204124,0.277755291087969,Lost Customers
10,3,641.94,4,3,2,432,0,0.41190789441998776,-0.8245119986970318,Regular Customers
64,1,496.44,2,1,2,212,0,-0.5858213902007158,-0.7177757785898726,Regular Customers
290,1,574.02,1,1,2,112,1,-1.5549414790114289,1.2650325036270242,Lost Customers
61,8,694.4,2,4,3,243,2,1.7694310877185384,0.3283906689036457,VIP Customers
64,3,1174.35,2,3,3,233,0,0.6449990754098113,-0.06016969526643155,Regular Customers
96,1,205.3,2,1,1,211,0,-0.9962271058695474,-0.6078631828908293,Regular Customers
274,1,310.47,1,1,2,112,1,-1.7196702702003912,0.978735830661177,Lost Customers
75,4,924.85,2,3,3,233,0,0.6777367228558671,0.030259660461981037,Regular Customers
110,1,52.0,2,1,1,211,0,-1.1992224604429158,-0.574436640302317,Regular Customers
199,1,327.96999999999997,1,1,2,112,1,-1.358956407153979,0.345177809999694,Lost Customers
64,2,570.5,2,2,2,222,0,-0.20993267716482988,-0.5387598621394325,Regular Customers
327,1,165.0,1,1,1,111,1,-2.0949285063728,1.3511857561336669,Lost Customers
4,1,312.62,4,1,2,412,0,-0.4761217282193071,-1.3364811924927185,Regular Customers
284,1,204.5,1,1,1,111,1,-1.8614750799201782,1.0046080009598617,Lost Customers
44,1,267.13,3,1,1,311,0,-0.7011957855528059,-1.0190286754056588,Regular Customers
71,3,2748.31,2,3,4,234,2,2.03600452482062,0.8898950048769595,VIP Customers
86,1,679.68,2,1,3,213,0,-0.5213011609896538,-0.42541479297098284,Regular Customers
104,1,161.74,2,1,1,211,0,-1.0724029079713753,-0.5638595097610073,Regular Customers
334,1,311.71,1,1,2,112,1,-1.9944611535317422,1.494199834491822,Lost Customers
53,1,208.75,2,1,1,211,0,-0.7953705603987716,-0.9748257164253684,Regular Customers
39,3,1049.7,3,3,3,333,0,0.6472522950351428,-0.34513861005289315,Regular Customers
32,2,714.9599999999999,3,2,3,323,0,0.06784306617620263,-0.7316139083225945,Regular Customers
366,4,1661.06,1,3,4,134,1,0.005253701678562979,2.943155602477353,Lost Customers
208,1,1028.56,1,1,3,113,1,-0.7668605922969887,0.8185467948453479,Lost Customers
157,3,350.82,1,3,2,132,0,-0.5273112764230378,0.2720406738493018,Regular Customers
54,1,170.22,2,1,1,211,0,-0.834808424906559,-0.9880334512387839,Regular Customers
66,2,574.07,2,2,2,222,0,-0.21590170677496115,-0.5195824141733094,Regular Customers
81,1,2020.52,2,1,4,214,0,0.7140965602884123,0.2898776582392647,Regular Customers
130,1,406.09,2,1,2,212,0,-0.9710203588795989,-0.20262583380962673,Regular Customers
87,1,364.5,2,1,2,212,0,-0.8108895698421752,-0.5950566174791856,Regular Customers
1,3,563.94,4,3,2,432,0,0.3827660915043963,-0.9458321857726596,Regular Customers
46,1,393.54,3,1,2,312,0,-0.5960912822971965,-0.9303903072222657,Regular Customers
333,1,252.42000000000002,1,1,1,111,1,-2.0434734110113104,1.452094420366347,Lost Customers
366,1,201.60000000000002,1,1,1,111,1,-2.2411771781008913,1.7064773796123271,Lost Customers
72,1,158.04,2,1,1,211,0,-0.9285953722938736,-0.8404918849851225,Regular Customers
158,2,463.91,1,2,2,122,1,-0.738575049528903,0.2074296933330322,Lost Customers
373,1,115.65,1,1,1,111,1,-2.3510840368891333,1.7179318870021498,Lost Customers
12,7,1934.66,4,4,4,444,2,2.807295911008451,0.472178498764513,VIP Customers
255,2,770.12,1,2,3,123,1,-0.9077538741681398,1.2127786529097244,Lost Customers
29,2,277.05,3,2,1,321,0,-0.31432527160284013,-1.0049719749687926,Regular Customers
31,10,2718.03,3,4,4,344,2,4.355025212500937,1.4895641261284287,VIP Customers
40,1,427.93,3,1,2,312,0,-0.5374041842495697,-0.9624204734765542,Regular Customers
362,1,418.92,1,1,2,112,1,-2.0262794543817346,1.7950452950767626,Lost Customers
373,1,326.0,1,1,2,112,1,-2.160882818732926,1.8368760791846857,Lost Customers
96,2,913.19,2,2,3,223,0,-0.04722102604521832,-0.070442715306295,Regular Customers
26,7,2314.32,3,4,4,344,2,3.086209951388885,0.8069717951709684,VIP Customers
75,2,602.51,2,2,2,222,0,-0.23157270334509175,-0.42628634958195316,Regular Customers
57,4,1877.59,2,3,4,234,2,1.621990310362043,0.41456572624637966,VIP Customers
21,1,446.94000000000005,3,1,2,312,0,-0.43284292650493983,-1.114679338870622,Regular Customers
41,7,2386.05,3,4,4,344,2,3.0820911276357545,0.9762228410807415,VIP Customers
137,1,2007.4,2,1,4,214,0,0.4447153178503079,0.7629041558806736,Regular Customers
129,1,168.0,2,1,1,211,0,-1.1817059123246052,-0.3458352249364683,Regular Customers
40,3,1221.56,3,3,3,333,0,0.7980518172061503,-0.23937953434439896,Regular Customers
9,5,1690.26,4,4,4,444,2,1.9822564564455147,0.033966181225134846,VIP Customers
214,2,596.85,1,2,2,122,1,-0.8758869317393123,0.7630470571982642,Lost Customers
170,2,642.41,1,2,2,122,1,-0.6323554389891818,0.4113165998511049,Lost Customers
40,1,316.88,3,1,2,312,0,-0.63781704508269,-1.0252146381633649,Regular Customers
186,1,394.14,1,1,2,112,1,-1.2393436720320237,0.2710622502584688,Lost Customers
270,1,140.54,1,1,1,111,1,-1.8549290557799814,0.848329948061971,Lost Customers
172,1,500.0,1,1,2,112,1,-1.0792441852472476,0.21081035717250235,Lost Customers
5,4,1535.53,4,3,3,433,2,1.5518190159837018,-0.22498279351163683,VIP Customers
16,2,231.86,4,2,1,421,0,-0.2954057033640569,-1.1420569915269763,Regular Customers
10,4,2183.54,4,3,4,434,2,2.1147654484017293,0.18433686187301204,VIP Customers
326,1,107.45,1,1,1,111,1,-2.1423674331198184,1.3100642397709568,Lost Customers
113,1,288.18,2,1,1,211,0,-0.9994610242025075,-0.41514851370357775,Regular Customers
290,1,94.0,1,1,1,111,1,-1.9889818343208785,0.9936011219704479,Lost Customers
16,2,1345.53,4,2,3,423,0,0.7115892603821926,-0.5123228412634881,Regular Customers
1,3,815.77,4,3,3,433,0,0.6104740675836818,-0.8034327756593816,Regular Customers
92,5,716.2,2,4,3,243,0,0.7198202632410944,0.19526427880700203,Regular Customers
149,2,626.77,1,2,2,122,0,-0.5499280936847887,0.22230583679738827,Regular Customers
189,1,349.1,1,1,2,112,1,-1.2938650338419533,0.2713321418889517,Lost Customers
31,2,510.71000000000004,3,2,2,322,0,-0.1122439171599085,-0.8556881843391102,Regular Customers
34,4,1046.74,3,3,3,333,0,0.9764911934567232,-0.2525712090094163,Regular Customers
264,1,267.18,1,1,1,111,1,-1.7128283025152868,0.8684633269887567,Lost Customers
26,4,1348.93,3,3,3,333,2,1.286523620477686,-0.1503303543323962,VIP Customers
171,1,190.53,1,1,1,111,1,-1.3544724672493735,0.02723853943292296,Lost Customers
10,3,774.9,4,3,3,433,0,0.5321320635003269,-0.7493286386181636,Regular Customers
313,1,559.61,1,1,2,112,1,-1.6737374971606178,1.4542100004030947,Lost Customers
85,1,508.8,2,1,2,212,0,-0.6712145543572714,-0.5306197193648163,Regular Customers
25,1,135.86,3,1,1,311,0,-0.7325196671688361,-1.2562646418274965,Regular Customers
59,4,950.36,2,3,3,233,0,0.7743797601443628,-0.09258558301832388,Regular Customers
323,2,97.7,1,2,1,121,1,-1.8284652116584919,1.4159509388827143,Lost Customers
38,1,43.5,3,1,1,311,0,-0.8758137424548565,-1.1969584397913373,Regular Customers
254,2,383.34,1,2,2,122,1,-1.2528868682009593,0.9854912397452253,Lost Customers
19,5,1404.07,3,4,3,343,2,1.6774943682084387,-0.042068576525320624,VIP Customers
33,3,1430.54,3,3,3,333,0,1.019204009342423,-0.18126568440492563,Regular Customers
15,1,93.78,4,1,1,411,0,-0.7245836016754647,-1.3658529407338564,Regular Customers
27,2,397.35,3,2,2,322,0,-0.19635136967034406,-0.9541060804787677,Regular Customers
23,1,171.19000000000003,3,1,1,311,0,-0.6913767493425105,-1.2534457547524946,Regular Customers
214,2,533.3,1,2,2,122,1,-0.9333496719999589,0.7271121705179686,Lost Customers
8,5,1041.48,4,4,3,443,2,1.400219639465577,-0.34147135483845814,VIP Customers
22,1,149.29,3,1,1,311,0,-0.7065804803335567,-1.2744086761482099,Regular Customers
12,3,1067.75,4,3,3,433,0,0.7877337892418843,-0.5665753602999417,Regular Customers
262,1,200.16,1,1,1,111,1,-1.7642315918593339,0.813407538190773,Lost Customers
131,1,156.57999999999998,2,1,1,211,0,-1.2012290957743446,-0.33513399965071716,Regular Customers
55,3,383.68,2,3,2,232,0,-0.028548252313882902,-0.5844751803821249,Regular Customers
249,1,594.0,1,1,2,112,1,-1.348335361832484,0.924575760015754,Lost Customers
9,2,1411.21,4,2,3,423,0,0.8031677203492973,-0.5352391921310383,Regular Customers
264,1,113.5,1,1,1,111,1,-1.8517877662958715,0.7815636671142042,Lost Customers
331,1,155.17,1,1,1,111,1,-2.1222110613007446,1.3799448215865326,Lost Customers
313,1,494.64,1,1,2,112,1,-1.732484219973115,1.4174721626750255,Lost Customers
26,3,974.52,3,3,3,333,0,0.6390545134640632,-0.49918172655666404,Regular Customers
30,1,429.84,3,1,2,312,0,-0.4896917860407642,-1.0471342536564594,Regular Customers
30,3,528.48,3,3,2,332,0,0.21734517759046035,-0.7170813065611024,Regular Customers
2,7,1371.77,4,4,3,443,2,2.3443087702839267,0.0680937666250347,VIP Customers
362,1,179.1,1,1,1,111,1,-2.2431278315541694,1.6594370413605004,Lost Customers
283,3,434.59,1,3,2,132,1,-1.0309807738107608,1.4004110852342206,Lost Customers
262,1,237.07,1,1,1,111,1,-1.73085708764186,0.8342786108480461,Lost Customers
25,1,161.64,3,1,1,311,0,-0.7092090543612913,-1.2416871221010133,Regular Customers
354,1,214.26,1,1,1,111,1,-2.1745474191956844,1.610683516962158,Lost Customers
94,3,234.6,2,3,1,231,0,-0.34269120589243585,-0.33417788827714295,Regular Customers
29,1,126.14,3,1,1,311,0,-0.7597027586596652,-1.2274433759413526,Regular Customers
338,1,1044.65,1,1,3,113,1,-1.3501213704046058,1.9429644983636194,Lost Customers
85,1,334.53,2,1,2,212,0,-0.8287917651396925,-0.6291621694320877,Regular Customers
9,3,524.88,4,3,2,432,0,0.31065924819364465,-0.899283949463273,Regular Customers
51,2,467.51,3,2,2,322,0,-0.24327662406476208,-0.7085283790929124,Regular Customers
50,2,538.55,3,2,2,322,0,-0.1744427928241091,-0.6769375889533538,Regular Customers
2,1,454.48,4,1,2,412,0,-0.3386529926122315,-1.2734240130801573,Regular Customers
113,1,371.56,2,1,2,212,0,-0.924067738869184,-0.36800058527866764,Regular Customers
14,7,1771.2,4,4,4,444,2,2.6502961732042083,0.39690741609004204,VIP Customers
77,1,454.11,2,1,2,212,0,-0.6838776858606128,-0.6301796885817984,Regular Customers
40,2,1399.92,3,2,3,323,0,0.6504045659577135,-0.27566242017579595,Regular Customers
116,1,905.5,2,1,3,213,0,-0.45506782048856953,-0.04034154038056121,Regular Customers
161,4,225.26,1,3,1,131,0,-0.3503157158614076,0.37249729000826043,Regular Customers
30,3,2564.5,3,3,4,334,2,2.058341061547682,0.4342034767404742,VIP Customers
93,1,91.32000000000001,2,1,1,211,0,-1.0854937056056129,-0.6980522827022813,Regular Customers
23,3,1134.28,3,3,3,333,0,0.7973071980545022,-0.43458222086278026,Regular Customers
28,2,659.4599999999999,3,2,2,322,0,0.03605338158836352,-0.7973143765578946,Regular Customers
33,5,1953.41,3,4,4,344,2,2.1098352814043957,0.38867171550525015,VIP Customers
21,2,1280.58,3,2,3,323,0,0.6298679462033592,-0.506152466879366,Regular Customers
18,2,1262.2,4,2,3,423,0,0.6270441154510515,-0.5422837355871791,Regular Customers
8,4,1131.56,4,3,3,433,2,1.1727484588668666,-0.4276729156680691,VIP Customers
363,1,141.04,1,1,1,111,1,-2.2821407159215554,1.6464950720347282,Lost Customers
81,1,52.83,2,1,1,211,0,-1.0651144449589751,-0.8227693468268346,Regular Customers
23,3,972.08,3,3,3,333,0,0.650643838962813,-0.5262995870239748,Regular Customers
172,1,475.86,1,1,2,112,1,-1.1010718886287112,0.19716018936034924,Lost Customers
189,6,1000.27,1,4,3,143,2,0.8395448548151753,1.325232048639887,VIP Customers
331,1,250.0,1,1,1,111,1,-2.0364645363767933,1.4335672496572238,Lost Customers
12,5,900.53,4,4,3,443,2,1.2543766674963115,-0.386855205853261,VIP Customers
156,2,121.0,1,2,1,121,1,-1.0394416812885243,-0.0036304367116348304,Lost Customers
45,3,62.43,3,3,1,331,0,-0.2730413480882485,-0.8519225243638282,Regular Customers
233,1,267.03,1,1,1,111,1,-1.570409345583684,0.6024177099725765,Lost Customers
64,8,1921.55,2,4,4,244,2,2.8652405446685116,1.0480311897364119,VIP Customers
2,1,343.5,4,1,2,412,0,-0.4390025585308238,-1.3361785956730636,Regular Customers
33,2,397.99,3,2,2,322,0,-0.22336388406210236,-0.9022679035177797,Regular Customers
84,1,412.01000000000005,2,1,2,212,0,-0.7541348017624766,-0.5939298266533297,Regular Customers
25,1,440.0,3,1,2,312,0,-0.45751230567594836,-1.0842860983979912,Regular Customers
2,3,734.37,4,3,3,433,0,0.5322725889929062,-0.8408817156967824,Regular Customers
33,2,148.44,3,2,1,321,0,-0.44901025435390923,-1.043378068286745,Regular Customers
19,8,2428.53,3,4,4,344,2,3.530592564850502,0.9486352056484617,VIP Customers
254,1,229.33,1,1,1,111,1,-1.7010674157583037,0.7612669174711878,Lost Customers
22,4,1497.31,3,3,3,333,2,1.4390848955175508,-0.10074514677889007,VIP Customers
8,2,1972.39,4,2,4,424,2,1.3151925431139986,-0.22649458047330456,VIP Customers
25,4,1564.73,3,3,3,333,2,1.4862513349619453,-0.0368837939986663,VIP Customers
19,3,807.57,3,3,3,333,0,0.5202858881938083,-0.6536406846380164,Regular Customers
173,4,502.9,1,3,2,132,0,-0.1544524220889485,0.6324437506645628,Regular Customers
163,1,110.92,1,1,1,111,1,-1.3896685883246316,-0.08641265521400364,Lost Customers
7,1,538.46,4,1,2,412,0,-0.2857098550677278,-1.1830399066221342,Regular Customers
11,1,213.3,4,1,1,411,0,-0.5981179156823699,-1.3325868650386243,Regular Customers
114,1,85.13000000000001,2,1,1,211,0,-1.1876600221120504,-0.5213854783618745,Regular Customers
288,1,127.86,1,1,1,111,1,-1.9491681096996378,0.9955887850734587,Lost Customers
54,2,288.96999999999997,2,2,1,221,0,-0.4185104300099604,-0.7837471951228456,Regular Customers
77,3,1681.46,2,3,4,234,2,1.0437536060097035,0.3381119043816354,VIP Customers
4,4,575.63,4,3,2,432,0,0.6884634303193845,-0.7763457732254819,Regular Customers
37,1,436.06,3,1,2,312,0,-0.5162573266571137,-0.9835614377643103,Regular Customers
217,1,90.12,1,1,1,111,1,-1.6567971168484548,0.36511236009061304,Lost Customers
60,1,428.93,2,1,2,212,0,-0.6284706736954057,-0.7902674032221885,Regular Customers
278,1,217.2,1,1,1,111,1,-1.8224003632455401,0.960313040180072,Lost Customers
24,1,279.77,3,1,1,311,0,-0.5977958299046848,-1.183468891933522,Regular Customers
29,1,468.91,3,1,2,312,0,-0.4497656464780477,-1.033621171261496,Regular Customers
12,4,800.5899999999999,4,3,3,433,0,0.8550869203464123,-0.5805051878786193,Regular Customers
352,1,134.55,1,1,1,111,1,-2.2374251723305667,1.5484520599978022,Lost Customers
22,4,1400.44,3,3,3,333,2,1.351493775941645,-0.15552111015765038,VIP Customers
50,2,173.16000000000003,3,2,1,321,0,-0.5048332045288708,-0.8835504645491549,Regular Customers
19,1,186.01,3,1,1,311,0,-0.6595821712217947,-1.2793831823684656,Regular Customers
3,3,758.29,4,3,3,433,0,0.5493028303746132,-0.8187765681626848,Regular Customers
104,5,1375.71,2,4,3,243,2,1.260975400024302,0.6711423708811556,VIP Customers
12,4,650.4300000000001,4,3,2,432,0,0.7193102865535144,-0.6654144338882678,Regular Customers
5,7,2533.42,4,4,4,444,2,3.3808922714971206,0.7506967567330276,VIP Customers
32,2,591.1899999999999,3,2,2,322,0,-0.044071384839693716,-0.8016007049303077,Regular Customers
178,4,675.64,1,3,3,133,1,-0.02125133292312324,0.7730179521932867,Lost Customers
38,1,921.37,3,1,3,313,0,-0.08203221936101354,-0.7005594001370337,Regular Customers
151,3,258.88,1,3,1,131,0,-0.5828534148368973,0.16857613726737022,Regular Customers
162,1,127.1,1,1,1,111,1,-1.3704398858125242,-0.08584291752575898,Lost Customers
69,2,327.6,2,2,2,222,0,-0.4525587062041204,-0.633212825044981,Regular Customers
25,3,682.9100000000001,3,3,3,333,0,0.3799754767971875,-0.6726544557657936,Regular Customers
24,4,720.86,3,3,3,333,0,0.7278115911928725,-0.5226366257736494,Regular Customers
177,1,455.3,1,1,2,112,1,-1.142655184866237,0.22843126586466528,Lost Customers
50,4,913.68,3,3,3,333,0,0.7826000410615,-0.1905410255207052,Regular Customers
256,3,478.53,1,3,2,132,1,-0.8670892033593596,1.1936140551469339,Lost Customers
47,1,388.58,3,1,2,312,0,-0.6051747142235535,-0.9246156007161295,Regular Customers
71,1,199.8,2,1,1,211,0,-0.8862368995871581,-0.825457719267264,Regular Customers
16,5,1771.78,4,4,4,444,2,2.0237781595998445,0.14011802098866455,VIP Customers
101,5,1406.59,2,4,3,243,2,1.3026931048383112,0.6628655871123094,VIP Customers
35,1,324.57,3,1,2,312,0,-0.6078709709876428,-1.0637631653612358,Regular Customers
53,1,240.68,2,1,1,211,0,-0.7664990372434224,-0.9567706270201468,Regular Customers
27,2,761.74,3,2,3,323,0,0.1331348289697341,-0.7480586633673142,Regular Customers
8,9,1297.8700000000001,4,4,3,443,2,2.8677416009814767,0.35205879036204696,VIP Customers
79,1,48.480000000000004,2,1,1,211,0,-1.059850701539297,-0.8423878524107488,Regular Customers
52,1,216.39,2,1,1,211,0,-0.7838638374590625,-0.9790849941934531,Regular Customers
36,5,1198.23,3,4,3,343,2,1.4131960538400128,-0.012613080938933057,VIP Customers
61,9,2920.16,2,4,4,244,2,4.090915052034251,1.7241036061250028,VIP Customers
337,1,104.76,1,1,1,111,1,-2.1953836526446033,1.4029163429215714,Lost Customers
28,4,1093.68,3,3,3,333,0,1.0465261654661302,-0.27750487128514134,Regular Customers
184,1,298.48,1,1,1,111,1,-1.3166436235486103,0.19981173046876732,Lost Customers
52,1,112.46000000000001,2,1,1,211,0,-0.8778387012716351,-1.0378530944717081,Regular Customers
36,2,195.15,3,2,1,321,0,-0.42057006747911363,-0.9912273607173617,Regular Customers
33,4,776.851,3,3,3,333,0,0.7370525687678414,-0.41376161448003007,Regular Customers
11,1,336.4,4,1,2,412,0,-0.4868092874198116,-1.262978925615424,Regular Customers
57,3,1553.18,2,3,3,233,2,1.0197318565826035,0.09398727823949629,VIP Customers
4,4,1293.03,4,3,3,433,2,1.3371458829234408,-0.37068585655445174,VIP Customers
141,1,301.03,2,1,1,211,0,-1.11660086983605,-0.16765971570168478,Regular Customers
117,4,588.13,2,3,2,232,0,0.18013162444349454,0.20019246432946583,Regular Customers
104,4,1534.26,2,3,3,233,2,1.0954156879644819,0.6236577524748308,VIP Customers
75,2,675.8,2,2,3,223,0,-0.16530292783442646,-0.3848438972641113,Regular Customers
5,9,2870.2400000000002,4,4,4,444,2,4.303294702874698,1.2154306056303161,VIP Customers
45,2,1186.35,3,2,3,323,0,0.43429910610559447,-0.3535304857354269,Regular Customers
17,1,243.55,4,1,1,411,0,-0.5983566812288451,-1.2640054623561015,Regular Customers
90,2,724.76,2,2,3,223,0,-0.19001068307040425,-0.22846834104293498,Regular Customers
53,1,223.36,2,1,1,211,0,-0.7821600075237434,-0.9665643679690488,Regular Customers
134,1,425.32,2,1,2,212,0,-0.9720264821478362,-0.15743454480161712,Regular Customers
105,4,1887.2,2,3,4,234,2,1.4099501118884061,0.8318100505290041,VIP Customers
192,3,664.0,1,3,2,132,1,-0.40507855821881894,0.7494092825748419,Lost Customers
166,4,803.54,1,3,3,133,0,0.1495799395562284,0.742387525279345,Regular Customers
19,1,612.01,3,1,2,312,0,-0.27438740566655645,-1.038497868036351,Regular Customers
158,3,447.64000000000004,1,3,2,132,0,-0.444363902625892,0.33536774489234583,Regular Customers
204,2,639.5,1,2,2,122,1,-0.7913368932752944,0.701370055670684,Lost Customers
336,2,816.0,1,2,3,123,1,-1.238749923928058,1.9336517158401691,Lost Customers
37,3,646.3,3,3,2,332,0,0.29168981499280694,-0.5904033238157518,Regular Customers
91,1,337.74,2,1,2,212,0,-0.8534804519552138,-0.5758707641663261,Regular Customers
93,2,877.44,2,2,3,223,0,-0.0657510377310812,-0.11639599788722749,Regular Customers
9,2,922.53,4,2,3,423,0,0.3612968798996871,-0.8115674442620658,Regular Customers
243,1,560.6700000000001,1,1,2,112,1,-1.3508815725252346,0.8542527452014403,Lost Customers
45,4,748.5,3,3,3,333,0,0.6562348026646833,-0.3268403609077605,Regular Customers
23,1,30.0,3,1,1,311,0,-0.8190425919451962,-1.3332828381575446,Regular Customers
190,5,1024.1000000000001,1,4,3,143,2,0.5475710235556469,1.210148243810743,VIP Customers
44,1,306.45,3,1,1,311,0,-0.6656421278494444,-0.9967948478011076,Regular Customers
25,9,1600.86,3,4,3,343,2,3.063534020316036,0.6692365265390677,VIP Customers
317,2,309.8,1,2,2,122,1,-1.609090409885932,1.4844083998818531,Lost Customers
106,1,138.14,2,1,1,211,0,-1.1029394065489617,-0.5600455688146109,Regular Customers
51,1,386.43,3,1,2,312,0,-0.6255129128147272,-0.8915138141034734,Regular Customers
168,2,2222.21,1,2,4,124,2,0.8053174308491134,1.2874691522465784,VIP Customers
40,1,301.32,3,1,1,311,0,-0.6518866003691677,-1.034013172179815,Regular Customers
218,1,76.32000000000001,1,1,1,111,1,-1.6738737922666151,0.36588841359511587,Lost Customers
40,4,684.34,3,3,3,333,0,0.6212131680622097,-0.4060170802060126,Regular Customers
297,1,173.05,1,1,1,111,1,-1.949693537436317,1.0983562792776387,Lost Customers
19,7,2657.13,3,4,4,344,2,3.428372977971772,0.9407609540706925,VIP Customers
88,4,2726.23,2,3,4,234,2,2.2467870966838777,1.1603972126467281,VIP Customers
73,5,2446.6,2,4,4,244,2,2.37184271775469,1.0107254089407214,VIP Customers
81,3,323.69,2,3,2,232,0,-0.20235390732793102,-0.3953331395571193,Regular Customers
49,1,657.23,3,1,2,312,0,-0.3714549446473408,-0.7555464177191216,Regular Customers
53,1,352.7,2,1,2,212,0,-0.6652090897375591,-0.893427967603519,Regular Customers
24,4,781.28,3,3,3,333,0,0.7824441445610592,-0.4884716241493623,Regular Customers
9,3,1333.68,4,3,3,433,0,1.0419867749097875,-0.44194112732286406,Regular Customers
25,5,1426.16,3,4,3,343,2,1.669877224054145,0.021898684924925294,VIP Customers
117,1,193.75,2,1,1,211,0,-1.103240004402689,-0.4342272360265262,Regular Customers
120,2,254.1,2,2,1,221,0,-0.7535436578601942,-0.23722561363099007,Regular Customers
4,2,239.76,4,2,1,421,0,-0.23307999864674425,-1.2405424365626405,Regular Customers
252,1,136.8,1,1,1,111,1,-1.7755371803824307,0.6917862827374944,Lost Customers
28,1,191.04,3,1,1,311,0,-0.6964207956361698,-1.1993245008956885,Regular Customers
267,2,409.98,1,2,2,122,1,-1.2885795887896243,1.1120870014187594,Lost Customers
33,8,2711.11,3,4,4,344,2,3.721725600911446,1.2285337923944435,VIP Customers
18,1,309.65,4,1,2,412,0,-0.5431867327787814,-1.2180492759522186,Regular Customers
172,2,696.68,1,2,3,123,1,-0.5924808662198516,0.45916279297365575,Lost Customers
2,4,1529.0,4,3,3,433,2,1.5597101100478956,-0.25441337917992995,VIP Customers
265,1,211.5,1,1,1,111,1,-1.7677734210823992,0.8455579791687785,Lost Customers
140,4,2293.62,2,3,4,234,2,1.616491656243729,1.3619020083351223,VIP Customers
201,1,143.1,1,1,1,111,1,-1.5353153466730987,0.2578002611753391,Lost Customers
64,4,1060.56,2,3,3,233,0,0.8510313642448719,0.012624844899295658,Regular Customers
35,4,916.98,3,3,3,333,0,0.8545619710578457,-0.31736572134987134,Regular Customers
284,1,133.25,1,1,1,111,1,-1.9259002607788889,0.9643190839500891,Lost Customers
9,5,1072.36,4,4,3,443,2,1.4235432037774822,-0.3154306162533007,VIP Customers
143,2,356.7,1,2,2,122,0,-0.7665377053107483,0.018116180398603236,Regular Customers
12,2,330.03000000000003,4,2,2,422,0,-0.18824496630195825,-1.1208634544725675,Regular Customers
146,4,1101.11,1,3,3,133,0,0.5106173237246641,0.739063394696668,Regular Customers
234,1,150.3,1,1,1,111,1,-1.6805566717497336,0.5449911216831721,Lost Customers
24,1,598.73,3,1,2,312,0,-0.3093880307931853,-1.003110253765984,Regular Customers
12,1,471.40000000000003,4,1,2,412,0,-0.36933905881304374,-1.1780626496399855,Regular Customers
36,5,2211.21,3,4,4,344,2,2.329145804103265,0.5601850545355864,VIP Customers
365,1,190.70000000000002,1,1,1,111,1,-2.246434565380417,1.6917345015444365,Lost Customers
201,2,218.25,1,2,1,121,1,-1.1584410413967077,0.4374325273737183,Lost Customers
15,1,415.25,4,1,2,412,0,-0.4339062277716091,-1.1840750017706057,Regular Customers
213,1,85.0,1,1,1,111,1,-1.643032547237531,0.32789969029674926,Lost Customers
66,3,1120.88,2,3,3,233,0,0.5874537325901242,-0.0732459992475005,Regular Customers
212,2,294.12,1,2,1,121,1,-1.1404222825599442,0.5747070490546871,Lost Customers
283,1,162.3,1,1,1,111,1,-1.8950343361243027,0.9721662723318883,Lost Customers
115,2,1339.45,2,2,3,223,0,0.25083666752184414,0.3335978494132669,Regular Customers
15,8,1188.12,4,4,3,443,2,2.427391777788349,0.21291732472474406,VIP Customers
66,1,449.12,2,1,2,212,0,-0.6378058226725984,-0.7273745128922033,Regular Customers
49,1,154.88,3,1,1,311,0,-0.8256863776911765,-1.039604487331182,Regular Customers
16,4,775.96,4,3,3,433,0,0.81442201206115,-0.5601149079940991,Regular Customers
78,1,34.8,2,1,1,211,0,-1.0676218011386434,-0.858702705065126,Regular Customers
19,4,1094.59,3,3,3,333,0,1.088735815484726,-0.35420472936089314,Regular Customers
134,1,196.88,2,1,1,211,0,-1.178584914644171,-0.28660788096600265,Regular Customers
13,3,946.64,4,3,3,433,0,0.6736260098525204,-0.6264786567507891,Regular Customers
40,1,144.36,3,1,1,311,0,-0.7938118830019146,-1.1227675358830278,Regular Customers
3,8,2463.05,4,4,4,444,2,3.6353825618517974,0.8308847431121296,VIP Customers
40,7,2626.6,3,4,4,344,2,3.304198115470934,1.103664498902076,VIP Customers
305,1,79.2,1,1,1,111,1,-2.0713422145610862,1.1139230452296154,Lost Customers
51,3,458.57,3,3,2,332,0,0.05756240460238017,-0.5764455168433303,Regular Customers
10,6,2364.25,4,4,4,444,2,2.8960111782515416,0.5607969867787834,VIP Customers
61,4,528.01,2,3,2,232,0,0.3832883020241678,-0.3142482127055675,Regular Customers
66,2,714.42,2,2,3,223,0,-0.08899540314660981,-0.44022031589511174,Regular Customers
25,1,205.25,3,1,1,311,0,-0.6697763226104371,-1.2170274775986107,Regular Customers
218,3,253.04,1,3,1,131,1,-0.8962358725448906,0.74009235914834,Lost Customers
65,2,583.75,2,2,2,222,0,-0.20255038918329737,-0.5226881566333248,Regular Customers
32,2,1086.92,3,2,3,323,0,0.40417415771593623,-0.521285970484629,Regular Customers
64,1,315.06,2,1,2,212,0,-0.7498275558730377,-0.820338638480856,Regular Customers
116,3,621.8299999999999,2,3,2,232,0,-0.0937205536165545,0.07353097356383143,Regular Customers
6,1,635.6800000000001,4,1,2,412,0,-0.19320372579365647,-1.136645413362353,Regular Customers
69,1,270.8,2,1,1,211,0,-0.8128407017435664,-0.8024689280555801,Regular Customers
245,1,104.9,1,1,1,111,1,-1.7721918312671576,0.6136924929672969,Lost Customers
133,1,241.62,2,1,1,211,0,-1.1335318870046982,-0.26988864896478804,Regular Customers
241,4,1047.11,1,3,3,133,1,0.024928981306778626,1.5235697924494782,Lost Customers
184,3,475.28000000000003,1,3,2,132,1,-0.538933366781711,0.5740609127007392,Lost Customers
25,3,345.46,3,3,2,332,0,0.07484877811968701,-0.8634684213089204,Regular Customers
10,3,2614.74,4,3,4,434,2,2.1957394284279084,0.2910244992240838,VIP Customers
11,1,246.3,4,1,1,411,0,-0.5682788845478092,-1.3139267350551507,Regular Customers
33,5,2328.9700000000003,3,4,4,344,2,2.4494215399769907,0.6010353038868674,VIP Customers
26,3,933.26,3,3,3,333,0,0.6017466824152155,-0.5225125436208495,Regular Customers
358,1,351.3,1,1,2,112,1,-2.06902820131354,1.7224914700111689,Lost Customers
10,1,218.75,4,1,1,411,0,-0.588591419354318,-1.3380844968874304,Regular Customers
44,2,1612.69,3,2,3,323,0,0.8243998392283515,-0.12103229610713505,Regular Customers
15,3,965.61,4,3,3,433,0,0.6815818614385176,-0.5985931481257117,Regular Customers
150,1,610.01,1,1,2,112,0,-0.878603933239827,0.08427007208857147,Regular Customers
1,8,2708.61,4,4,4,444,2,3.8666181922665683,0.9525799673515456,VIP Customers
113,4,2207.4,2,3,4,234,2,1.6626908541959058,1.0815049019251406,VIP Customers
76,3,884.14,2,3,3,233,0,0.3274049804016551,-0.1213188349469629,Regular Customers
107,2,696.89,2,2,3,223,0,-0.29338619831707946,-0.09837819899718972,Regular Customers
46,3,1063.95,3,3,3,333,0,0.627947585328203,-0.2770251625314323,Regular Customers
143,1,451.42,1,1,2,112,0,-0.9898133372893264,-0.06546165306363437,Regular Customers
51,1,415.82000000000005,3,1,2,312,0,-0.5989380908436746,-0.8748949892484948,Regular Customers
46,3,784.58,3,3,3,333,0,0.37533758144752943,-0.4349972993036455,Regular Customers
50,3,903.9,3,3,3,333,0,0.4648341438234796,-0.333209270597276,Regular Customers
36,5,515.77,3,4,2,342,0,0.7961068057160035,-0.39851587816685524,Regular Customers
79,4,1391.98,2,3,3,233,2,1.0817276312594404,0.3287198046093194,VIP Customers
22,6,2218.62,3,4,4,344,2,2.7091482081353484,0.5814018347652405,VIP Customers
107,5,1801.14,2,4,4,244,2,1.6318591587560929,0.9374435156426947,VIP Customers
208,2,1303.9099999999999,1,2,3,123,1,-0.2089628314709293,1.1113838496101338,Lost Customers
17,4,1945.33,4,3,4,434,2,1.8671831083847532,0.10969466043605591,VIP Customers
64,5,2100.6,2,4,4,244,2,2.100371813503878,0.737862348059914,VIP Customers
49,4,1905.45,3,3,4,334,2,1.6839699673483377,0.36168435491229906,VIP Customers
320,1,206.98,1,1,1,111,1,-2.024779896038698,1.3148680391870762,Lost Customers
44,2,570.96,3,2,2,322,0,-0.11754603664455578,-0.7100873630066504,Regular Customers
3,2,885.47,4,2,3,423,0,0.3553779544756666,-0.8839996192229965,Regular Customers
372,1,15.0,1,1,1,111,1,-2.4374945467240177,1.6524391099640543,Lost Customers
172,1,532.94,1,1,2,112,1,-1.049459406896568,0.2294365596469152,Lost Customers
56,3,1654.31,2,3,3,233,2,1.1157734589395878,0.14259271417307687,VIP Customers
99,2,636.14,2,2,2,222,0,-0.31152886099240384,-0.20136484662931886,Regular Customers
38,1,576.0,3,1,2,312,0,-0.39432028551080855,-0.8958517968761941,Regular Customers
58,3,794.64,2,3,3,233,0,0.3292515433719353,-0.3263562198890971,Regular Customers
254,1,836.79,1,1,3,113,1,-1.1517941474855686,1.1047603283730334,Lost Customers
70,4,2225.15,2,3,4,234,2,1.876477646491658,0.7226284247167735,VIP Customers
44,4,954.09,3,3,3,333,0,0.8467305017585226,-0.2191671316992205,Regular Customers
50,1,137.37,3,1,1,311,0,-0.8461176835793133,-1.0409262848036092,Regular Customers
65,1,391.98,2,1,2,212,0,-0.6848740220630967,-0.768264191276331,Regular Customers
33,3,1048.49,3,3,3,333,0,0.6737494079800315,-0.3972990983499593,Regular Customers
59,2,355.56,2,2,2,222,0,-0.3812915576603055,-0.7031964117076287,Regular Customers
73,4,1224.06,2,3,3,233,2,0.9574833841909164,0.18229173238665047,VIP Customers
304,1,118.95,1,1,1,111,1,-2.030801210114385,1.1278206393939352,Lost Customers
46,1,130.73999999999998,3,1,1,311,0,-0.833718475696062,-1.0789927969088378,Regular Customers
38,2,389.27,3,2,2,322,0,-0.25424129761377384,-0.8643017985587871,Regular Customers
19,2,234.88,3,2,1,321,0,-0.3064705852852902,-1.1146111651387436,Regular Customers
187,2,160.71,1,2,1,121,1,-1.1460899693812414,0.28478471794533977,Lost Customers
52,1,110.8,2,1,1,211,0,-0.87933969495901,-1.0387917555557253,Regular Customers
137,5,712.24,2,4,3,243,0,0.5093054988562781,0.5790971896915257,Regular Customers
19,1,297.0,3,1,1,311,0,-0.5592235631725555,-1.2166229451907158,Regular Customers
16,5,1427.57,4,4,3,443,2,1.7125389806050826,-0.05451844390865269,VIP Customers
41,8,965.16,3,4,3,343,2,2.106226519622805,0.30990659635560736,VIP Customers
8,4,832.88,4,3,3,433,0,0.9026781007071516,-0.596564055773036,Regular Customers
26,2,68.84,3,2,1,321,0,-0.48879586842404665,-1.1484442277603273,Regular Customers
22,6,1936.32,3,4,4,344,2,2.453888859975152,0.42177290463388867,VIP Customers
41,3,895.13,3,3,3,333,0,0.49829101137593773,-0.4153827668015133,Regular Customers
101,1,211.89,2,1,1,211,0,-1.013261017400912,-0.5612399085364735,Regular Customers
277,2,149.64,1,2,1,121,1,-1.5699677693046277,1.0506693454886915,Lost Customers
33,1,351.44,3,1,2,312,0,-0.5743776956885409,-1.0657280570638152,Regular Customers
15,2,316.25,4,2,2,422,0,-0.21450062770987696,-1.102917330621376,Regular Customers
2,2,490.33,4,2,2,422,0,0.0026857392220919142,-1.1160142653166425,Regular Customers
369,1,329.03000000000003,1,1,2,112,1,-2.1397489126448304,1.8042718960382553,Lost Customers
312,5,501.39,1,4,2,142,1,-0.4860914727993176,1.9612618712544732,Lost Customers
199,4,516.36,1,3,2,132,1,-0.26184362750198187,0.8631187171649062,Lost Customers
2,2,396.48,4,2,2,422,0,-0.08217465689846937,-1.1690825440726726,Regular Customers
93,3,379.35,2,3,2,232,0,-0.20720782965395032,-0.26090715325631625,Regular Customers
60,1,181.09,2,1,1,211,0,-0.8525708396466035,-0.9304106339829191,Regular Customers
81,1,168.31,2,1,1,211,0,-0.9606959202493063,-0.7574702010543637,Regular Customers
157,2,420.07,1,2,2,122,1,-0.7736172151591086,0.17406061279072874,Lost Customers
227,1,511.68,1,1,2,112,1,-1.3216024085556715,0.6892808446372328,Lost Customers
253,2,258.25,1,2,1,121,1,-1.3613963453367122,0.9061786573496725,Lost Customers
150,1,179.17,1,1,1,111,1,-1.2681750900281343,-0.1593520613077858,Lost Customers
194,2,208.59,1,2,1,121,1,-1.1349859937228697,0.3719145342954133,Lost Customers
1,5,1383.83,4,4,3,443,2,1.741966728038709,-0.207942306841534,VIP Customers
369,1,56.25,1,1,1,111,1,-2.386400152429239,1.6500261306778934,Lost Customers
24,1,337.28000000000003,3,1,2,312,0,-0.5457945365547276,-1.1509493744986865,Regular Customers
17,3,351.73,4,3,2,432,0,0.11730647503946144,-0.9285580413200677,Regular Customers
8,1,164.68,4,1,1,411,0,-0.6282851495107113,-1.3858175983131114,Regular Customers
20,7,1567.69,3,4,3,343,2,2.4386885616572815,0.33330724347144974,VIP Customers
4,3,882.72,4,3,3,433,0,0.6572155268876748,-0.7398371883668013,Regular Customers
174,1,191.94,1,1,1,111,1,-1.3669931322047473,0.05377397766135587,Lost Customers
1,8,1228.88,4,4,3,443,2,2.528626994062219,0.11585408430774326,VIP Customers
178,2,264.62,1,2,1,121,1,-1.0107463737002287,0.26632708375739966,Lost Customers
16,8,1502.8600000000001,4,4,3,443,2,2.707385262641358,0.399469108676836,VIP Customers
248,1,123.1,1,1,1,111,1,-1.7695307588664928,0.6497219791479276,Lost Customers
191,2,334.23,1,2,2,122,1,-1.007585058899437,0.4172205965033539,Lost Customers
20,2,525.69,3,2,2,322,0,-0.048114919070161515,-0.9415908027170918,Regular Customers
154,4,167.5,1,3,1,131,0,-0.3703533165988539,0.27978074383283175,Regular Customers
173,1,323.03000000000003,1,1,2,112,1,-1.2438613064298407,0.1193205497859931,Lost Customers
373,1,369.5,1,1,2,112,1,-2.1215495504191866,1.86147352325381,Lost Customers
373,1,127.08,1,1,1,111,1,-2.340748881559799,1.724395077478244,Lost Customers
194,1,207.15,1,1,1,111,1,-1.4452107540014285,0.2339622129783021,Lost Customers
67,1,426.63,2,1,2,212,0,-0.6627401096228599,-0.7315122936166819,Regular Customers
4,8,2495.87,4,4,4,444,2,3.660460299509189,0.8580224711569213,VIP Customers
21,3,1107.46,3,3,3,333,0,0.7822532739107385,-0.466906578589987,Regular Customers
239,2,416.86,1,2,2,122,1,-1.1535996193898734,0.8757546993130463,Lost Customers
64,1,145.35,2,1,1,211,0,-0.9032815550805013,-0.9163025978595019,Regular Customers
112,5,404.58000000000004,2,4,2,242,0,0.3460786855138533,0.19064371768459398,Regular Customers
311,1,35.8,1,1,1,111,1,-2.138176272321513,1.1408584305399314,Lost Customers
134,1,337.44,2,1,2,212,0,-1.051488726272236,-0.2071270364060918,Regular Customers
277,1,325.1,1,1,2,112,1,-1.7202372384406472,1.0127466300526862,Lost Customers
365,1,181.0,1,1,1,111,1,-2.2552054321078487,1.6862495542462639,Lost Customers
83,1,1708.24,2,1,4,214,0,0.42253183419794754,0.13045504392417104,Regular Customers
8,2,955.24,4,2,3,423,0,0.3954722243710156,-0.801650677827554,Regular Customers
17,2,364.72,4,2,2,422,0,-0.179870490715712,-1.0583507967080417,Regular Customers
32,4,1744.71,3,3,4,334,2,1.6168018564650282,0.12494308813373654,VIP Customers
9,2,708.22,4,2,3,423,0,0.1675149780073324,-0.9327508520426185,Regular Customers
34,4,781.91,3,3,3,333,0,0.73702844753655,-0.4023215794192142,Regular Customers
15,8,1657.28,4,4,3,443,2,2.8516123792153336,0.4782078272413047,VIP Customers
32,1,428.89,3,1,2,312,0,-0.4997478587032656,-1.030512678039588,Regular Customers
74,1,104.35,2,1,1,211,0,-0.9863396419877911,-0.853692589832748,Regular Customers
20,2,470.76,3,2,2,322,0,-0.09778334271323495,-0.9726514372623103,Regular Customers
17,4,808.87,4,3,3,433,0,0.8395811288943631,-0.5329262886857158,Regular Customers
23,2,397.68,3,2,2,322,0,-0.17765883885689457,-0.9882370015329365,Regular Customers
3,3,666.1,4,3,2,432,0,0.4659434279414268,-0.870906185834698,Regular Customers
304,1,314.09999999999997,1,1,2,112,1,-1.854344030541369,1.2381698626143862,Lost Customers
367,1,307.82000000000005,1,1,2,112,1,-2.149730201495719,1.7751197604082392,Lost Customers
84,1,371.01,2,1,2,212,0,-0.7912075374145067,-0.6171136245115849,Regular Customers
165,2,427.64,1,2,2,122,1,-0.8035606032636612,0.24697617822524784,Lost Customers
17,2,1054.73,4,2,3,423,0,0.4440455660466589,-0.6681787879232944,Regular Customers
77,1,1098.78,2,1,3,213,0,-0.10095864945099894,-0.26564556747737544,Regular Customers
89,3,2398.86,2,3,4,234,2,1.6372536371074482,0.8467243881146767,VIP Customers
22,4,1465.12,3,3,3,333,2,1.409978276965384,-0.11894725539004213,VIP Customers
3,10,2780.63,4,4,4,444,2,4.540387933864862,1.2847391707705687,VIP Customers
123,2,1142.42,2,2,3,223,0,0.0358912863830152,0.29082060895024947,Regular Customers
30,1,168.11999999999998,3,1,1,311,0,-0.7263424293297711,-1.1951260481799357,Regular Customers
12,7,1432.77,4,4,3,443,2,2.35348041597437,0.18838054005525257,VIP Customers
19,1,156.78,3,1,1,311,0,-0.686012319102498,-1.2959115338659484,Regular Customers
44,2,792.11,3,2,3,323,0,0.08242068261023519,-0.5850362191931596,Regular Customers
4,1,41.989999999999995,4,1,1,411,0,-0.7208289099146455,-1.4895112221117328,Regular Customers
9,7,2777.67,4,4,4,444,2,3.583352172044,0.9231275138889536,VIP Customers
55,1,414.27,2,1,2,212,0,-0.6187337615960383,-0.8414539275452302,Regular Customers
88,6,1032.58,2,4,3,243,2,1.3332120266132281,0.47698457283056983,VIP Customers
30,5,2735.37,3,4,4,344,2,2.830689334841007,0.8050994901602643,VIP Customers
12,4,578.71,4,3,2,432,0,0.6544601255544024,-0.7059691163856839,Regular Customers
211,1,101.4,1,1,1,111,1,-1.619006382725667,0.32001444826304953,Lost Customers
48,4,1693.81,3,3,4,334,2,1.4972008494642142,0.23343134069645363,VIP Customers
24,3,478.78,3,3,2,332,0,0.1999969990288383,-0.7966608767641878,Regular Customers
22,4,972.11,3,3,3,333,0,0.9641921939456937,-0.39772394275829503,Regular Customers
246,3,392.4,1,3,2,132,1,-0.8989837233653033,1.0591173100050586,Lost Customers
35,3,1415.29,3,3,3,333,0,0.9962176898549452,-0.1727301651142261,Regular Customers
38,3,646.83,3,3,2,332,0,0.28757051279156337,-0.5815242502305464,Regular Customers
4,3,704.55,4,3,3,433,0,0.4961118851529874,-0.8405849265230287,Regular Customers
3,8,1465.51,4,4,3,443,2,2.7333938613072606,0.26681728663593807,VIP Customers
47,1,211.88,3,1,1,311,0,-0.7649491627531559,-1.0245321149003657,Regular Customers
39,2,408.9,3,2,2,322,0,-0.24109013027955958,-0.844622467922541,Regular Customers
17,3,851.01,4,3,3,433,0,0.5687619739747184,-0.6462359292549548,Regular Customers
260,1,602.63,1,1,2,112,1,-1.39111588946505,1.0238288532091844,Lost Customers
46,3,719.8100000000001,3,3,3,333,0,0.31677170124796894,-0.47162204533484514,Regular Customers
12,1,251.03,4,1,1,411,0,-0.5686004918773815,-1.3026727358356853,Regular Customers
30,1,439.65999999999997,3,1,2,312,0,-0.4808124137455707,-1.041581451340165,Regular Customers
43,1,236.09,3,1,1,311,0,-0.7246640239550607,-1.045159887348312,Regular Customers
92,6,934.62,2,4,3,243,2,1.226241174294713,0.4559097820578741,VIP Customers
310,1,331.24,1,1,2,112,1,-1.866437029365847,1.299338104567111,Lost Customers
92,2,547.9,2,2,2,222,0,-0.359126875941408,-0.31131656740766506,Regular Customers
196,3,437.7,1,3,2,132,1,-0.6280961152588347,0.655763549920964,Lost Customers
87,2,758.9200000000001,2,2,3,223,0,-0.14532715940423246,-0.23489042098312066,Regular Customers
270,3,855.02,1,3,3,133,1,-0.5910415183939728,1.5266148481580069,Lost Customers
8,3,471.78,4,3,2,432,0,0.2672440695844684,-0.937889175570636,Regular Customers
65,3,1313.55,2,3,3,233,0,0.7662669988882506,0.027121506343267248,Regular Customers
22,5,1177.47,3,4,3,343,2,1.4588040823745438,-0.14446332731300363,VIP Customers
38,4,773.99,3,3,3,333,0,0.7114729395621516,-0.3724824882612443,Regular Customers
120,4,1340.7,2,3,3,233,2,0.8468196451558972,0.651477697660507,VIP Customers
373,2,256.44,1,2,1,121,1,-1.9148571860469068,1.934680848113111,Lost Customers
40,3,1074.81,3,3,3,333,0,0.6653585499638235,-0.32236056692242193,Regular Customers
174,1,137.9,1,1,1,111,1,-1.4158568062202523,0.023216601167206828,Lost Customers
54,1,362.06,2,1,2,212,0,-0.661344190577646,-0.8795558956015238,Regular Customers
33,2,1511.95,3,2,3,323,0,0.7838933014729055,-0.2723697702938309,Regular Customers
145,1,783.9,1,1,3,113,0,-0.6983776477943557,0.1397007449892862,Regular Customers
221,1,134.8,1,1,1,111,1,-1.6347910176204925,0.42469456752527124,Lost Customers
45,1,650.75,3,1,2,312,0,-0.35892010480438696,-0.7935281110516982,Regular Customers
16,7,2263.12,4,4,4,444,2,3.0858995937323415,0.6922265148873576,VIP Customers
66,6,1453.16,2,4,3,243,2,1.8146737301194527,0.5260587292305001,VIP Customers
10,4,1153.62,4,3,3,433,2,1.183498328822736,-0.3980401403263574,VIP Customers
260,1,335.32,1,1,2,112,1,-1.6328210837856387,0.8726761457582045,Lost Customers
365,1,367.14,1,1,2,112,1,-2.0868952122476325,1.7915039965227424,Lost Customers
17,5,1521.04,4,4,3,443,2,1.7924572406355381,0.006914341211826524,VIP Customers
22,2,852.15,3,2,3,323,0,0.23787740777541352,-0.7398324647399444,Regular Customers
45,1,326.24,3,1,2,312,0,-0.6523462864248808,-0.977025043807366,Regular Customers
288,1,584.3199999999999,1,1,2,112,1,-1.5364310141941353,1.2536979648388036,Lost Customers
297,1,122.4,1,1,1,111,1,-1.9954919291625444,1.0697158070454282,Lost Customers
3,10,2234.73,4,4,4,444,2,4.0467780218540526,0.9760553841651666,VIP Customers
284,1,79.2,1,1,1,111,1,-1.9747729769250406,0.9337560528710968,Lost Customers
17,3,1352.0,4,3,3,433,0,1.0217636772505843,-0.36294688318160734,Regular Customers
82,2,217.16,2,2,1,221,0,-0.6122009536996212,-0.5841301124058279,Regular Customers
56,5,2799.42,2,4,4,244,2,2.76904226837032,1.0643810013837571,VIP Customers
101,2,1317.62,2,2,3,223,0,0.29547718807716344,0.20114256246094428,Regular Customers
299,1,436.18,1,1,2,112,1,-1.7209650239771581,1.264304131441047,Lost Customers
23,5,981.51,3,4,3,343,2,1.2770159550936082,-0.24669119131727535,VIP Customers
59,5,1121.39,2,4,3,243,2,1.2379500140626232,0.14126284265931147,VIP Customers
155,2,315.06,1,2,2,122,1,-0.8593715588304877,0.09752305617237632,Lost Customers
115,3,817.86,2,3,3,233,0,0.08813086857890907,0.1757984196620076,Regular Customers
107,1,17.0,2,1,1,211,0,-1.2170743123302659,-0.6199658290199886,Regular Customers
12,4,1078.23,4,3,3,433,0,1.1061326356251833,-0.4235112942843276,Regular Customers
264,1,320.62,1,1,2,112,1,-1.6645071563385923,0.898681428392297,Lost Customers
240,1,185.04999999999998,1,1,1,111,1,-1.6767264785051323,0.6161170875452596,Lost Customers
88,7,2005.63,2,4,4,244,2,2.521979242669076,1.1643420121247368,VIP Customers
50,3,731.9,3,3,3,333,0,0.30930949669789043,-0.4304681299050781,Regular Customers
71,1,1290.7,2,1,3,213,0,0.10016913267624465,-0.20859905869237277,Regular Customers
42,3,1842.14,3,3,4,334,2,1.349991290636483,0.1286914530490903,VIP Customers
7,6,1429.64,4,4,3,443,2,2.0647202112441256,0.006575690957089443,VIP Customers
62,1,298.21,2,1,1,211,0,-0.7558664757619055,-0.8470253751191162,Regular Customers
249,1,336.96,1,1,2,112,1,-1.5807542879787715,0.7792303111990246,Lost Customers
66,1,108.38,2,1,1,211,0,-0.9459073823329082,-0.9200488368488341,Regular Customers
85,1,842.5,2,1,3,213,0,-0.3694786546723347,-0.34192622313799337,Regular Customers
219,2,611.88,1,2,2,122,1,-0.8852892850047468,0.8144428011605144,Lost Customers
45,3,1320.95,3,3,3,333,0,0.8649288780774292,-0.14028171264257772,Regular Customers
143,4,195.74,1,3,1,131,0,-0.2942344532714016,0.2013761049573006,Regular Customers
183,1,161.38,1,1,1,111,1,-1.436012699591214,0.11370799167619863,Lost Customers
171,1,135.75000000000003,1,1,1,111,1,-1.4040052589327443,-0.003737276339643287,Lost Customers
10,8,1660.88,4,4,4,444,2,2.8778602218758254,0.43734657484245193,VIP Customers
212,1,612.78,1,1,2,112,1,-1.161208440833264,0.6177579885772704,Lost Customers
190,1,232.21,1,1,1,111,1,-1.4041570340983522,0.2138150802420516,Lost Customers
8,2,423.36,4,2,2,422,0,-0.0854606204729285,-1.1024067364824015,Regular Customers
59,4,1309.14,2,3,3,233,2,1.0987933234915659,0.11028961199593913,VIP Customers
57,2,854.66,2,2,3,223,0,0.07919825317436022,-0.4381348433467002,Regular Customers
73,4,684.42,2,3,3,233,0,0.46953384596502706,-0.12285228410673507,Regular Customers
52,1,307.78,2,1,2,212,0,-0.7012278054776231,-0.9274077433089181,Regular Customers
317,1,249.0,1,1,1,111,1,-1.9729892576841128,1.3128904629338634,Lost Customers
367,1,289.35,1,1,1,111,1,-2.166431016800426,1.7646757422023376,Lost Customers
39,1,656.25,3,1,2,312,0,-0.32635572219547093,-0.8418943729187913,Regular Customers
18,5,1880.22,4,4,4,444,2,2.1126339540830887,0.21859510020832942,VIP Customers
22,2,618.09,3,2,2,322,0,0.026237297855556528,-0.8721836775863638,Regular Customers
263,1,517.55,1,1,2,112,1,-1.4818419423849134,1.001457787126386,Lost Customers
60,3,709.38,2,3,3,233,0,0.24296126722595465,-0.3574084490875789,Regular Customers
19,3,635.41,3,3,2,332,0,0.3646165669778696,-0.7509900173033142,Regular Customers
66,2,725.1800000000001,2,2,3,223,0,-0.07926607057061355,-0.4341359826035306,Regular Customers
88,1,620.4,2,1,2,212,0,-0.5840999817151531,-0.44177641074611185,Regular Customers
250,1,535.34,1,1,2,112,1,-1.4059750353323535,0.8999853459124199,Lost Customers
3,6,2424.94,4,4,4,444,2,2.9830776150258744,0.5350589980743382,VIP Customers
247,1,175.2,1,1,1,111,1,-1.7178227230709484,0.6706029855939413,Lost Customers
157,3,734.13,1,3,3,133,0,-0.18071736659914475,0.4887865654846136,Regular Customers
134,1,375.0,2,1,2,212,0,-1.0175264835627178,-0.1858884157339927,Regular Customers
296,1,76.32000000000001,1,1,1,111,1,-2.032559532057641,1.035080099498186,Lost Customers
5,2,280.52,4,2,1,421,0,-0.20082280925576435,-1.2089149681521278,Regular Customers
43,5,2053.02,3,4,4,344,2,2.1539185935222753,0.5307908410161322,VIP Customers
269,1,1829.04,1,1,4,114,1,-0.3235667609360986,1.7945272182945389,Lost Customers
50,5,1824.23,3,4,4,344,2,1.9148539405746194,0.46147525850173127,VIP Customers
16,3,656.69,4,3,2,432,0,0.3976538263709158,-0.764695202521898,Regular Customers
282,1,348.2,1,1,2,112,1,-1.722342592274085,1.0687056239836226,Lost Customers
65,2,1025.44,2,2,3,223,0,0.19683147935682765,-0.27293079868179515,Regular Customers
252,1,37.4,1,1,1,111,1,-1.8654159590119863,0.6355797093933344,Lost Customers
232,2,856.6,1,2,3,123,1,-0.7237912204471997,1.0643537491005917,Lost Customers
17,3,822.48,4,3,3,433,0,0.5429647752392937,-0.6623684598133942,Regular Customers
8,4,1822.97,4,3,4,434,2,1.7979304139197947,-0.036709265005235026,VIP Customers
51,6,1885.05,3,4,4,344,2,2.2741723375085674,0.6415838852079089,VIP Customers
59,1,73.19999999999999,2,1,1,211,0,-0.9455278520697973,-0.9999973304476919,Regular Customers
95,5,1140.21,2,4,3,243,2,1.0894200394210345,0.46076247252076724,VIP Customers
16,6,1418.32,4,4,3,443,2,2.013097703222173,0.07738912621078164,VIP Customers
126,3,1009.55,2,3,3,233,0,0.2108755845673337,0.3785643430001254,Regular Customers
94,4,1037.59,2,3,3,233,0,0.692305536383309,0.25701768116885626,Regular Customers
50,1,331.95,3,1,2,312,0,-0.6701759054531671,-0.9308993729192362,Regular Customers
138,1,197.9,2,1,1,211,0,-1.1960567578202976,-0.2517135909579644,Regular Customers
61,1,215.83,2,1,1,211,0,-0.8257570129050191,-0.9021872256481795,Regular Customers
73,1,305.54,2,1,1,211,0,-0.79982248037856,-0.7485073779553378,Regular Customers
67,1,338.71000000000004,2,1,2,212,0,-0.7422385222698471,-0.7812274035605304,Regular Customers
64,6,1158.79,2,4,3,243,2,1.557697600519576,0.34244595401606975,VIP Customers
17,2,529.41,4,2,2,422,0,-0.030955641092960413,-0.9652254389208211,Regular Customers
45,4,981.86,3,3,3,333,0,0.8672419634392617,-0.19488496900038432,Regular Customers
16,2,215.48,4,2,1,421,0,-0.31021671336357526,-1.1513192015005913,Regular Customers
40,1,215.08,3,1,1,311,0,-0.7298659350674863,-1.0827783118699594,Regular Customers
237,1,314.45,1,1,2,112,1,-1.545925702558489,0.6635492736543476,Lost Customers
75,1,400.68100000000004,2,1,2,212,0,-0.722991815442544,-0.6775503311190127,Regular Customers
4,2,1068.8700000000001,4,2,3,423,0,0.5166120954131238,-0.7717151526051299,Regular Customers
3,4,1863.47,4,3,4,434,2,1.8575437186671129,-0.056705099331658196,VIP Customers
361,1,365.27,1,1,2,112,1,-2.070191950176487,1.7561290668030083,Lost Customers
59,4,592.9,2,3,2,232,0,0.4511597580425423,-0.2947143728332479,Regular Customers
23,1,384.18,3,1,2,312,0,-0.49878840869553825,-1.1330087521712808,Regular Customers
31,4,757.63,3,3,3,333,0,0.7288697597026088,-0.4417890531846787,Regular Customers
55,4,537.0600000000001,2,3,2,232,0,0.4190626410127108,-0.3606070969532263,Regular Customers
25,1,394.38,3,1,2,312,0,-0.49876250568681685,-1.1100823144539327,Regular Customers
45,2,664.26,3,2,2,322,0,-0.03778149283509652,-0.6487507058285105,Regular Customers
89,5,2262.62,2,4,4,244,2,2.131909036105775,1.0439624464064485,VIP Customers
89,1,547.02,2,1,2,212,0,-0.6550496715271659,-0.4746903737390442,Regular Customers
19,2,690.34,3,2,3,323,0,0.1053622971555288,-0.8570674438577461,Regular Customers
79,1,159.0,2,1,1,211,0,-0.9599170736304591,-0.7798933807206425,Regular Customers
171,3,1062.75,1,3,3,133,0,0.052045638959835244,0.794718860849963,Regular Customers
81,1,242.35,2,1,1,211,0,-0.8937479849401282,-0.7156036548732609,Regular Customers
267,1,914.9300000000001,1,1,3,113,1,-1.1409198952430253,1.2604772019904733,Lost Customers
235,2,304.25,1,2,1,121,1,-1.237028912101796,0.7777608970366497,Lost Customers
37,3,860.86,3,3,3,333,0,0.4856977701513327,-0.46907855141411214,Regular Customers
318,1,773.55,1,1,3,113,1,-1.503282829729826,1.618081091486943,Lost Customers
57,4,1295.3,2,3,3,233,2,1.0954760849273957,0.08530490539556532,VIP Customers
45,5,1096.32,3,4,3,343,2,1.2796608842883674,0.006975470217702307,VIP Customers
203,3,255.12,1,3,1,131,1,-0.8253770824874588,0.6125778039682697,Lost Customers
225,1,314.22,1,1,2,112,1,-1.4909512500570545,0.560466651140937,Lost Customers
87,2,1010.6,2,2,3,223,0,0.08224518471535057,-0.09257582964249496,Regular Customers
190,2,542.03,1,2,2,122,1,-0.815091048932647,0.5261434889623023,Lost Customers
44,4,990.88,3,3,3,333,0,0.8799965004082344,-0.19836391406006915,Regular Customers
71,3,536.6800000000001,2,3,2,232,0,0.0362197845743012,-0.3606899428609145,Regular Customers
41,5,867.31,3,4,3,343,2,1.0909811908472669,-0.15683769963676503,VIP Customers
78,1,432.2,2,1,2,212,0,-0.7082875292333577,-0.6339895033853554,Regular Customers
57,2,414.2,2,2,2,222,0,-0.3190714332962038,-0.6871966873624822,Regular Customers
34,2,409.1,3,2,2,322,0,-0.2179166120389929,-0.8874062791681759,Regular Customers
212,2,1522.75,1,2,3,123,1,-0.029478984897661122,1.269446306678785,Lost Customers
24,3,1413.66,3,3,3,333,0,1.0453277089402968,-0.2680250489172227,Regular Customers
170,1,114.56,1,1,1,111,1,-1.4185669986478648,-0.024298722211471828,Lost Customers
62,1,152.94,2,1,1,211,0,-0.8872215076685004,-0.9291695291403047,Regular Customers
53,5,1800.07,2,4,4,244,2,1.879212547555284,0.47355192328539386,VIP Customers
261,2,389.44,1,2,2,122,1,-1.2795609143850708,1.0489962006192524,Lost Customers
17,8,2619.91,4,4,4,444,2,3.7128379314207116,1.03969388920592,VIP Customers
267,1,752.4300000000001,1,1,3,113,1,-1.2878545182541197,1.1685901982839741,Lost Customers
177,1,46.95,1,1,1,111,1,-1.511890589829809,-0.0024737062187125134,Lost Customers
51,1,1035.45,3,1,3,313,0,-0.038660549573739454,-0.5245199485921379,Regular Customers
17,4,728.54,4,3,3,433,0,0.7669456934083249,-0.5783495687333655,Regular Customers
74,7,861.89,2,4,3,243,2,1.5521740838251523,0.3974931969979011,VIP Customers
71,2,667.65,2,2,2,222,0,-0.15427812380949438,-0.4237699062655485,Regular Customers
353,1,1141.24,1,1,3,113,1,-1.331761457369701,2.126272842194276,Lost Customers
3,5,1404.64,4,4,3,443,2,1.7515863316637241,-0.17901635460525664,VIP Customers
117,1,411.7,2,1,2,212,0,-0.9061667669548858,-0.3109855593629479,Regular Customers
373,1,351.75,1,1,2,112,1,-2.1375993323173215,1.8514366351566385,Lost Customers
197,1,559.87,1,1,2,112,1,-1.1400723272027866,0.45914887134292076,Lost Customers
177,1,810.6,1,1,3,113,1,-0.8213882829841334,0.42933866535339826,Lost Customers
100,1,566.38,2,1,2,212,0,-0.6881279929756761,-0.3693699110085631,Regular Customers
21,3,1502.78,3,3,3,333,2,1.1397067826414822,-0.24336953055765959,VIP Customers
72,1,2062.06,2,1,4,214,0,0.7930443871251053,0.23615237838255948,Regular Customers
340,1,168.3,1,1,1,111,1,-2.1517255598911817,1.464583716782526,Lost Customers
6,5,1570.81,4,4,3,443,2,1.8880438112456295,-0.059315976495698995,VIP Customers
31,2,812.68,3,2,3,323,0,0.1608013019826157,-0.6849366858206394,Regular Customers
170,1,142.5,1,1,1,111,1,-1.3933032856206036,-0.008499812158797467,Lost Customers
122,1,302.25,2,1,1,211,0,-1.0281255625121422,-0.3299780875322977,Regular Customers
22,10,2248.9900000000002,3,4,4,344,2,3.9722999327714485,1.1471270533334816,VIP Customers
10,4,1328.55,4,3,3,433,2,1.3416723202278484,-0.2991244876594165,VIP Customers
269,1,301.9,1,1,1,111,1,-1.7044267005371003,0.9309929485078129,Lost Customers
23,3,598.2,3,3,2,332,0,0.31257665833888676,-0.7377132051518879,Regular Customers
127,1,233.22,2,1,1,211,0,-1.113536065994885,-0.326114783764314,Regular Customers
139,1,361.21999999999997,2,1,2,212,0,-1.0529792152216886,-0.15078353070579936,Regular Customers
214,6,632.27,1,4,2,142,1,0.3918310688734395,1.331627841112461,Lost Customers
38,4,2560.0,3,3,4,334,2,2.326406515217812,0.6374320193685673,VIP Customers
106,2,706.57,2,2,3,223,0,-0.2800348807254156,-0.10148394145720499,Regular Customers
18,2,616.26,4,2,2,422,0,0.042976728449289334,-0.9075359889667237,Regular Customers
3,2,274.15,4,2,1,421,0,-0.1973855762267473,-1.2296756998744243,Regular Customers
331,1,226.37,1,1,1,111,1,-2.057831091095268,1.420205465672088,Lost Customers
64,8,2938.91,2,4,4,244,2,3.7851507481550777,1.6233060333723741,VIP Customers
120,3,1341.65,2,3,3,233,0,0.5387559541019327,0.514876822120987,Regular Customers
35,1,328.15,3,1,2,312,0,-0.6046338882160753,-1.0617388239872712,Regular Customers
218,1,404.40000000000003,1,1,2,112,1,-1.3772195700052006,0.5514040331399049,Lost Customers
172,2,1038.46,1,2,3,123,1,-0.2834389249722709,0.6524251937540082,Lost Customers
72,5,373.65,2,4,2,242,0,0.502052780444227,-0.17002113677631603,Regular Customers
1,2,326.75,4,2,2,422,0,-0.1406268987733349,-1.2170913447747378,Regular Customers
196,1,207.50000000000003,1,1,1,111,1,-1.454091349679841,0.25131888462482554,Lost Customers
128,3,408.59000000000003,2,3,2,232,0,-0.34171736903600947,0.05590517342354162,Regular Customers
47,3,594.24,3,3,2,332,0,0.19863113159011603,-0.5340472866258833,Regular Customers
18,3,251.91,4,3,1,431,0,0.022449391797212663,-0.9764227266391529,Regular Customers
28,7,1582.8,3,4,3,343,2,2.4155629400604433,0.4104863658779504,VIP Customers
37,1,151.05,3,1,1,311,0,-0.7739670922226031,-1.1447227603882446,Regular Customers
157,1,214.8,1,1,1,111,1,-1.2681477244121373,-0.07914911139097137,Lost Customers
284,1,94.05,1,1,1,111,1,-1.9613454129144883,0.9421531113636598,Lost Customers
107,1,534.31,2,1,2,212,0,-0.7493158518387627,-0.3274485004820871,Regular Customers
25,4,1971.8700000000001,3,3,4,334,2,1.8543926421172499,0.1933369733186508,VIP Customers
75,4,322.41,2,3,2,232,0,0.133002604167844,-0.3103951488484393,Regular Customers
16,2,328.58,4,2,2,422,0,-0.2079502157478535,-1.087365846920868,Regular Customers
158,1,101.10000000000001,1,1,1,111,1,-1.3755552849921953,-0.1348623604728024,Lost Customers
44,1,565.46,3,1,2,312,0,-0.4314419019657302,-0.8503354457702132,Regular Customers
11,2,847.45,4,2,3,423,0,0.28421149275218616,-0.8368633060898883,Regular Customers
32,7,1415.65,3,4,3,343,2,2.2460295857964665,0.3502875025732382,VIP Customers
291,1,53.5,1,1,1,111,1,-2.0302009985660927,0.9792794339428674,Lost Customers
21,4,1116.47,3,3,3,333,2,1.0993229270889526,-0.32467373654636394,VIP Customers
333,1,153.9,1,1,1,111,1,-2.1325564821439444,1.396385450488413,Lost Customers
18,2,494.44,4,2,2,422,0,-0.0671745070904739,-0.9764201415299589,Regular Customers
63,2,395.8,2,2,2,222,0,-0.36330016443953894,-0.6461248399434742,Regular Customers
198,3,211.77,1,3,1,131,1,-0.8415820432138655,0.5451682757292929,Lost Customers
33,3,658.88,3,3,2,332,0,0.3214589558486313,-0.6176073784366614,Regular Customers
1,4,2027.5,4,3,4,434,2,2.015058857918225,0.018888294678890864,VIP Customers
7,9,1750.92,4,4,4,444,2,3.281993865061934,0.5996603761072654,VIP Customers
10,4,891.21,4,3,3,433,0,0.9462237785190974,-0.5464221012040337,Regular Customers
32,5,709.99,3,4,3,343,0,0.9901172076409676,-0.3230100536908512,Regular Customers
53,1,109.36000000000001,2,1,1,211,0,-0.8852402968976805,-1.031026635184685,Regular Customers
12,2,705.79,4,2,3,423,0,0.15152213488357313,-0.9083867743940808,Regular Customers
18,9,1540.42,4,4,3,443,2,3.0410731285652384,0.5750045516255873,VIP Customers
19,1,327.3,3,1,2,312,0,-0.5318259073126407,-1.199489553114981,Regular Customers
37,2,800.67,3,2,3,323,0,0.1223504923226091,-0.6402515586866498,Regular Customers
2,2,479.91,4,2,2,422,0,-0.006736160911911765,-1.1219063427235452,Regular Customers
18,3,1545.41,4,3,3,433,2,1.1920489909655247,-0.24500217713542033,VIP Customers
82,4,1301.91,2,3,3,233,2,0.9864895551468055,0.303527100689626,VIP Customers
33,2,355.73,3,2,2,322,0,-0.2615759281756338,-0.926164179066313,Regular Customers
66,2,466.73,2,2,2,222,0,-0.31295993713810505,-0.5802787278831901,Regular Customers
9,2,974.96,4,2,3,423,0,0.40870477088105134,-0.7819204559277166,Regular Customers
267,1,676.2,1,1,3,113,1,-1.356782680174955,1.1254852980221501,Lost Customers
247,3,362.95,1,3,2,132,1,-0.930211333245763,1.0510439382295202,Lost Customers
4,4,2157.4,4,3,4,434,2,2.1187205296440546,0.1180794935611581,VIP Customers
61,1,1743.1499999999999,2,1,4,214,0,0.5552656850476255,-0.03855117333427118,Regular Customers
75,2,643.76,2,2,2,222,0,-0.19427391442689085,-0.40296118710261114,Regular Customers
90,2,584.5,2,2,2,222,0,-0.31683560752293416,-0.30777954805754154,Regular Customers
60,3,554.86,2,3,2,232,0,0.10324226447103578,-0.4447830940889834,Regular Customers
29,2,302.57,3,2,1,321,0,-0.2912497541921132,-0.9905414744482396,Regular Customers
323,1,94.36,1,1,1,111,1,-2.1404079767599495,1.2769242464453425,Lost Customers
53,4,1382.07,2,3,3,233,2,1.1923287930521007,0.10005221572841047,VIP Customers
270,1,217.89000000000001,1,1,1,111,1,-1.7849881752267005,0.8920681618262646,Lost Customers
57,5,1555.34,2,4,3,243,2,1.6395303437331485,0.36948479076498814,VIP Customers
61,5,1482.06,2,4,3,243,2,1.554875469851026,0.3623655153859932,VIP Customers
154,2,1705.8,1,2,4,124,0,0.4027522538731891,0.875349408105577,Regular Customers
19,2,408.02,3,2,2,322,0,-0.14991513526596162,-1.0167076831587851,Regular Customers
95,1,303.93,2,1,1,211,0,-0.9024460361742722,-0.5606713931681178,Regular Customers
265,2,293.45,1,2,1,121,1,-1.384750466966159,1.0290353630607219,Lost Customers
312,1,177.5,1,1,1,111,1,-2.0146478161813643,1.229563278360499,Lost Customers
70,1,443.05,2,1,2,212,0,-0.6616885364773323,-0.6964893235381902,Regular Customers
302,2,167.25,1,2,1,121,1,-1.6690079553736978,1.275111584110577,Lost Customers
19,1,154.35,3,1,1,311,0,-0.6882095568496793,-1.2972855979829132,Regular Customers
13,10,2079.68,4,4,4,444,2,3.8605944349195918,0.9741748520520667,VIP Customers
36,5,2022.98,3,4,4,344,2,2.15894577893786,0.4537488040268214,VIP Customers
19,2,211.7,3,2,1,321,0,-0.3274302441246573,-1.127718492805923,Regular Customers
54,1,135.99,2,1,1,211,0,-0.8657596381106806,-1.0073890951580053,Regular Customers
57,1,262.2,2,1,1,211,0,-0.765434512593534,-0.9102844380829809,Regular Customers
22,2,126.25,3,2,1,321,0,-0.41849085587845397,-1.1502987785279302,Regular Customers
44,1,200.27,3,1,1,311,0,-0.7616514710575553,-1.056835229669145,Regular Customers
27,3,1051.4,3,3,3,333,0,0.7039718787514169,-0.44712989769151285,Regular Customers
45,3,631.12,3,3,2,332,0,0.24117557966670125,-0.5303519389001423,Regular Customers
113,6,958.71,2,4,3,243,2,1.151454429386897,0.6496986693043287,VIP Customers
25,1,346.12,3,1,2,312,0,-0.5423998281884501,-1.1373713409085522,Regular Customers
191,1,133.56,1,1,1,111,1,-1.497956188054921,0.1666119813496531,Lost Customers
302,1,302.7,1,1,1,111,1,-1.8554549892277108,1.2145648747158206,Lost Customers
2,10,1863.76,4,4,4,444,2,3.7159406363738823,0.7577078696382044,VIP Customers
263,2,241.06,1,2,1,121,1,-1.4229251191738839,0.9822522318887447,Lost Customers
106,1,284.55,2,1,1,211,0,-0.9705535717486272,-0.47725679212126615,Regular Customers
57,1,300.85,2,1,1,211,0,-0.7304866776435106,-0.8884294676629428,Regular Customers
213,3,623.28,1,3,2,132,1,-0.5384673518487831,0.906550805450723,Lost Customers
64,1,287.40000000000003,2,1,1,211,0,-0.7748380892421877,-0.835979220157913,Regular Customers
28,1,184.26,3,1,1,311,0,-0.702551360214725,-1.203158309419566,Regular Customers
29,7,1511.8,3,4,3,343,2,2.3467652773423775,0.3789181940777655,VIP Customers
6,5,798.35,4,4,3,443,2,1.189575387300091,-0.4961100373149129,VIP Customers
67,2,381.2,2,2,2,222,0,-0.39489581568602433,-0.6200630114609469,Regular Customers
2,3,609.3,4,3,2,432,0,0.4191826609929209,-0.9116036083341476,Regular Customers
46,4,654.67,3,3,2,332,0,0.5667939556798897,-0.3713179499056031,Regular Customers
34,1,230.51,3,1,1,311,0,-0.6883227167262617,-1.12552957098748,Regular Customers
136,1,255.91,2,1,1,211,0,-1.1344062876869467,-0.23607010545795687,Regular Customers
198,1,182.99,1,1,1,111,1,-1.4854506821462896,0.2546182583504655,Lost Customers
198,2,707.69,1,2,3,123,1,-0.70208739364136,0.6884523861873473,Lost Customers
150,1,311.92,1,1,2,112,1,-1.1481408056913787,-0.08428744751063037,Lost Customers
88,1,266.97,2,1,1,211,0,-0.9036760051662983,-0.6416264028691145,Regular Customers
45,2,6.9,3,2,1,321,0,-0.632174993035546,-1.0204604950993057,Regular Customers
64,7,1841.18,2,4,4,244,2,2.4836462471944722,0.8654472302497381,VIP Customers
99,5,2158.18,2,4,4,244,2,1.991487672374954,1.0706997681861852,VIP Customers
218,1,208.36,1,1,1,111,1,-1.554481499205785,0.44055155186838435,Lost Customers
28,3,811.23,3,3,3,333,0,0.48220849188081655,-0.5743566812887958,Regular Customers
178,1,142.92,1,1,1,111,1,-1.4297117971376443,0.06037272511263573,Lost Customers
74,3,136.0,2,3,1,231,0,-0.33987591155972496,-0.5615197066038429,Regular Customers
21,4,1422.4,3,3,3,333,2,1.3759488299676241,-0.15168302242987614,VIP Customers
20,3,1298.66,3,3,3,333,0,0.95973734700378,-0.36737029697121015,Regular Customers
34,7,1595.96,3,4,3,343,2,2.3998711732385245,0.4694040830629714,VIP Customers
74,1,74.9,2,1,1,211,0,-1.0129687167427248,-0.8703453421967874,Regular Customers
24,4,625.42,3,3,2,332,0,0.6415134962994642,-0.5766039835197927,Regular Customers
52,4,752.77,2,3,3,233,0,0.6279060465722006,-0.2643701890600896,Regular Customers
275,1,223.95000000000002,1,1,1,111,1,-1.8025013196823474,0.9383917431839162,Lost Customers
165,3,316.11,1,3,2,132,1,-0.5954847929024153,0.32104865456560083,Lost Customers
7,7,1810.65,4,4,4,444,2,2.7181571244846605,0.3591590891780519,VIP Customers
88,4,544.3,2,3,2,232,0,0.2738574844586631,-0.07339361810601942,Regular Customers
64,7,2494.46,2,4,4,244,2,3.0743505580910124,1.2348499489043947,VIP Customers
25,3,331.0,3,3,2,332,0,0.06177385720436135,-0.871644950992588,Regular Customers
10,2,300.83,4,2,1,421,0,-0.20545091753966918,-1.1545336033925218,Regular Customers
76,1,769.29,2,1,3,213,0,-0.3942892770080915,-0.46053786407359565,Regular Customers
16,1,220.62,4,1,1,411,0,-0.6144917516765155,-1.2855508059906948,Regular Customers
192,1,139.35,1,1,1,111,1,-1.4973193295359286,0.1784653665625271,Lost Customers
174,2,404.3,1,2,2,122,1,-0.8660517523231115,0.310992802497081,Lost Customers
77,1,363.65,2,1,2,212,0,-0.7656727996918966,-0.6813310630758902,Regular Customers
33,3,498.8,3,3,2,332,0,0.17671252845407137,-0.708125972611039,Regular Customers
47,1,731.5,3,1,3,313,0,-0.2951019700822335,-0.7307085772636207,Regular Customers
80,4,1351.6299999999999,2,3,3,233,2,1.0406440989739287,0.3144829353543911,VIP Customers
297,1,826.53,1,1,3,113,1,-1.3588083839268401,1.4678720896291648,Lost Customers
3,3,648.26,4,3,2,432,0,0.4498122668674703,-0.8809939651954608,Regular Customers
9,3,1599.52,4,3,3,433,2,1.2823627760252911,-0.2916196438438751,VIP Customers
161,2,100.97,1,2,1,121,1,-1.0805457446017679,0.02794033278938555,Lost Customers
360,2,365.45,1,2,2,122,1,-1.7565079632339038,1.8847895298413406,Lost Customers
5,6,400.86,4,4,2,442,0,1.1436809648099238,-0.5923154497471252,Regular Customers
107,4,1431.93,2,3,3,233,2,0.9890919596788251,0.5915325275370348,VIP Customers
25,1,465.88,3,1,2,312,0,-0.4341112715619353,-1.0696520328230732,Regular Customers
32,1,777.6,3,1,3,313,0,-0.18443972091742714,-0.8333316499627059,Regular Customers
20,2,90.30000000000001,3,2,1,321,0,-0.44180024530277956,-1.1877857722172311,Regular Customers
297,1,363.70000000000005,1,1,2,112,1,-1.7773053166543775,1.206160939318525,Lost Customers
372,1,248.1,1,1,1,111,1,-2.2267224813462567,1.7842474826655,Lost Customers
22,3,918.33,3,3,3,333,0,0.6066409218615922,-0.565272361146164,Regular Customers
5,4,874.59,4,3,3,433,0,0.9541884330116849,-0.5987169241563967,Regular Customers
52,5,1624.14,2,4,3,243,2,1.7247328782110143,0.36549143154560454,VIP Customers
30,1,101.69999999999999,3,1,1,311,0,-0.7864002610860596,-1.2326838007103091,Regular Customers
277,1,162.7,1,1,1,111,1,-1.8670814401452733,0.9209161721946221,Lost Customers
61,2,484.32,2,2,2,222,0,-0.2740621537026896,-0.6132292160860189,Regular Customers
25,2,215.07999999999998,3,2,1,321,0,-0.3519652147191826,-1.0743309595978223,Regular Customers
186,3,1046.57,1,3,3,133,1,-0.03156255530963608,0.9142604514007309,Lost Customers
172,1,290.36,1,1,1,111,1,-1.2688034121275298,0.09226764051385335,Lost Customers
81,1,228.06,2,1,1,211,0,-0.9066691896344576,-0.7236840566145895,Regular Customers
4,1,244.41,4,1,1,411,0,-0.5377981013613794,-1.3750511157100742,Regular Customers
190,1,455.25,1,1,2,112,1,-1.2024813521513091,0.3399349405909596,Lost Customers
22,7,1244.59,3,4,3,343,2,2.137340250206939,0.16776636835571393,VIP Customers
19,3,1082.81,3,3,3,333,0,0.7691614921173383,-0.4980038914061593,Regular Customers
5,1,593.75,4,1,2,412,0,-0.22651884447031637,-1.1689344681995524,Regular Customers
110,1,548.12,2,1,2,212,0,-0.7506242747920594,-0.29390137704774283,Regular Customers
3,4,1388.81,4,3,3,433,2,1.4283499453843675,-0.3251056235121312,VIP Customers
54,1,119.62,2,1,1,211,0,-0.8805616059795521,-1.016645650546777,Regular Customers
165,1,339.3,1,1,2,112,1,-1.1923614788632297,0.059885514618322776,Lost Customers
291,2,787.15,1,2,3,123,1,-1.0579023901955125,1.531266112084198,Lost Customers
109,5,2298.97,2,4,4,244,2,2.072806478496506,1.236104474082505,VIP Customers
96,3,922.12,2,3,3,233,0,0.26977629008782084,0.07174489005858027,Regular Customers
243,2,379.73,1,2,2,122,1,-1.2055671909836816,0.8890767481432205,Lost Customers
42,3,837.1,3,3,3,333,0,0.4412209921068191,-0.4396169420597086,Regular Customers
35,2,285.89,3,2,1,321,0,-0.3339232388641925,-0.9484970384361536,Regular Customers
24,2,281.85,3,2,1,321,0,-0.28699237326472865,-1.0451546771864282,Regular Customers
27,2,841.41,3,2,3,323,0,0.20517348383308112,-0.703008585919334,Regular Customers
6,2,511.12,4,2,2,422,0,0.003090188334761269,-1.0699408610730503,Regular Customers
54,1,1077.74,2,1,3,213,0,-0.014216984444845574,-0.47486856752357154,Regular Customers
364,1,173.7,1,1,1,111,1,-2.2572076523545133,1.673542326722025,Lost Customers
15,5,614.66,4,4,2,442,0,0.9820936733186161,-0.5227646810082314,Regular Customers
194,2,865.6,1,2,3,123,1,-0.5409089680950595,0.7434264130966869,Lost Customers
3,1,124.2,4,1,1,411,0,-0.6418950187414759,-1.4516042607020103,Regular Customers
27,3,1421.69,3,3,3,333,0,1.0387929344731286,-0.23774627552240804,Regular Customers
127,3,1009.6,2,3,3,233,0,0.20632226009504198,0.3871719965128438,Regular Customers
85,2,663.61,2,2,2,222,0,-0.22231063634818002,-0.3059430303033005,Regular Customers
71,1,451.44,2,1,2,212,0,-0.6587007239901623,-0.6831657462660121,Regular Customers
183,1,105.84,1,1,1,111,1,-1.4862326932037442,0.08230242745552815,Lost Customers
113,1,313.62,2,1,2,212,0,-0.9764578438369552,-0.4007632498617726,Regular Customers
374,1,233.45,1,1,1,111,1,-2.2491662729949247,1.793122277046808,Lost Customers
80,2,936.08,2,2,3,223,0,0.04705297301380625,-0.19476946001559087,Regular Customers
249,1,463.95,1,1,2,112,1,-1.4659282708945938,0.8510378841263374,Lost Customers
232,1,225.15,1,1,1,111,1,-1.60367925360711,0.5701569280595945,Lost Customers
71,3,459.24,2,3,2,232,0,-0.03380247515480134,-0.40447904788879935,Regular Customers
69,1,213.5,2,1,1,211,0,-0.8646521103499399,-0.8348696992087026,Regular Customers
51,3,330.03,3,3,2,332,0,-0.05866514273205725,-0.6491295504213819,Regular Customers
75,1,181.09,2,1,1,211,0,-0.9215488665294932,-0.8017199251554057,Regular Customers
61,1,360.16,2,1,2,212,0,-0.6952519412792267,-0.820574602602278,Regular Customers
16,2,250.15,4,2,1,421,0,-0.2788676464109928,-1.1317147558482572,Regular Customers
4,1,90.04,4,1,1,411,0,-0.6773814721565958,-1.4623409419388267,Regular Customers
286,1,145.05,1,1,1,111,1,-1.9244276168666736,0.9881502552423935,Lost Customers
4,6,813.52,4,4,3,443,2,1.521412063207808,-0.36755273218470996,VIP Customers
41,1,242.7,3,1,1,311,0,-0.7094901053464497,-1.0585809679437754,Regular Customers
36,1,528.08,3,1,2,312,0,-0.42845310531939745,-0.940107328623137,Regular Customers
75,2,482.47,2,2,2,222,0,-0.3401144396297181,-0.49416398604304945,Regular Customers
219,1,75.66,1,1,1,111,1,-1.6790691080148323,0.3740945915839473,Lost Customers
186,1,129.49,1,1,1,111,1,-1.4786436596005537,0.12141366237585362,Lost Customers
33,4,1187.66,3,3,3,333,2,1.1085114336574704,-0.18146617998364123,VIP Customers
70,1,618.59,2,1,2,212,0,-0.5029629751027629,-0.5972287411957973,Regular Customers
183,1,506.19,1,2,2,122,1,-1.1242309927576417,0.3086837316641244,Lost Customers
15,2,500.42,4,2,2,422,0,-0.04797170758708763,-0.9987768415590624,Regular Customers
236,1,151.85,1,2,1,121,1,-1.6883522117505259,0.5630263435109127,Lost Customers
31,5,2647.59,3,4,4,344,2,2.74671897689755,0.7640429249927255,VIP Customers
264,1,226.20999999999998,1,2,1,121,1,-1.7498739117753763,0.845296492885032,Lost Customers
4,2,178.96,4,2,1,421,0,-0.28805615297951065,-1.2749223124109796,Regular Customers
52,4,813.48,2,3,3,233,0,0.6828008217291456,-0.2300412044753415,Regular Customers
246,1,129.45,1,2,1,121,1,-1.7545919356546997,0.6361538793465338,Lost Customers
81,2,810.57,2,2,3,223,0,-0.07103334386016566,-0.25716077379756813,Regular Customers
275,1,333.08,1,2,2,122,1,-1.7038245479334198,1.000100227580779,Lost Customers
79,1,322.8,2,2,2,222,0,-0.8118069736352759,-0.6872712809844914,Regular Customers
30,5,2188.05,3,4,4,344,2,2.3357954402783476,0.49561275250708864,VIP Customers
74,2,408.63,2,2,2,222,0,-0.4022829972004334,-0.5444968211157836,Regular Customers
17,6,2883.1,4,4,4,444,2,3.3329723809839757,0.9142407855020868,VIP Customers
223,2,217.9,1,2,1,121,1,-1.2599252887309182,0.6259809898512162,Lost Customers
32,4,1154.47,3,3,3,333,2,1.0830991371661458,-0.20881312766764193,VIP Customers
23,10,1680.72,3,4,4,344,2,3.45386423937814,0.8343733410217229,VIP Customers
31,3,1257.51,3,3,3,333,0,0.8719450930112617,-0.2962657271286076,Regular Customers
106,1,231.1,2,2,1,221,0,-1.0188837600559688,-0.5074805481096499,Regular Customers
5,2,688.33,4,2,3,423,0,0.16792432065287832,-0.9783153436502976,Regular Customers
246,1,487.51,1,2,2,122,1,-1.4308294057140691,0.8386219442520664,Lost Customers
178,2,833.78,1,2,3,123,1,-0.49610446580487794,0.588163434708729,Lost Customers
170,2,214.06,1,2,1,121,1,-1.0196751052464268,0.16910245808077343,Lost Customers
43,1,290.65999999999997,3,2,1,321,0,-0.6753211170152734,-1.0143028178574587,Regular Customers
72,1,518.42,2,2,2,222,0,-0.6027350680431769,-0.6367119563959033,Regular Customers
16,2,1212.66,4,2,3,423,0,0.5914464704776752,-0.5874553100787652,Regular Customers
141,4,601.27,2,3,2,232,0,0.0816481411008143,0.413527722937816,Regular Customers
10,4,874.43,4,3,3,433,0,0.9310510832937056,-0.5559104945713879,Regular Customers
368,1,123.24,1,2,1,121,1,-2.3212283841005545,1.6793268139558442,Lost Customers
189,1,39.12,1,2,1,121,1,-1.5741529996325938,0.09605132091085583,Lost Customers
16,4,1267.65,4,3,3,433,2,1.259014533835458,-0.2820846258251851,VIP Customers
362,1,135.4,1,2,1,121,1,-2.2826419424808453,1.6347265055945066,Lost Customers
19,1,118.98,3,2,1,321,0,-0.7201915729475403,-1.317285864574291,Regular Customers
68,2,567.18,2,2,2,222,0,-0.2313288050416836,-0.5063196619534632,Regular Customers
15,6,306.72,4,4,2,442,0,1.0125729956453444,-0.5597539055786075,Regular Customers
24,3,1348.88,3,3,3,333,0,0.9867527866100895,-0.3046554495332658,Regular Customers
28,3,1692.27,3,3,4,334,2,1.2788563703897067,-0.07616513823911017,VIP Customers
55,2,304.24,2,2,1,221,0,-0.40930163163776695,-0.7665332634783556,Regular Customers
34,4,1592.12,3,3,3,333,2,1.4696309146738966,0.05581853918412489,VIP Customers
366,1,129.75,1,2,1,121,1,-2.3061448867984122,1.6658491875119459,Lost Customers
43,1,183.7,3,2,1,321,0,-0.7720357464138374,-1.074784257343287,Regular Customers
73,6,1770.3400000000001,2,4,4,244,2,2.0692822840971337,0.7654665154154057,VIP Customers
5,5,1028.0,4,4,3,443,2,1.401826452730219,-0.3748318769729676,VIP Customers
61,2,324.24,2,2,2,222,0,-0.4188085810972496,-0.7037478102603965,Regular Customers
1,4,1260.86,4,3,3,433,2,1.3218529540091453,-0.4146147977614196,VIP Customers
76,2,422.6,2,2,2,222,0,-0.39884821093785466,-0.5194386049124445,Regular Customers
72,2,225.58,2,2,1,221,0,-0.558602128439725,-0.6651627578526293,Regular Customers
256,2,1276.0,1,2,3,123,1,-0.454929104131497,1.507412171560033,Lost Customers
69,2,477.86,2,2,2,222,0,-0.3166916511047539,-0.5482470331868976,Regular Customers
135,4,657.9,2,3,2,232,0,0.1604449377070057,0.39407335337542004,Regular Customers
241,1,112.75,1,2,1,121,1,-1.746699618207287,0.5838138197154227,Lost Customers
227,2,1998.0,1,2,4,124,1,0.3312702472103575,1.6668711601925366,Lost Customers
37,3,531.35,3,3,2,332,0,0.18775052320742053,-0.6554027765915182,Regular Customers
46,1,656.63,3,2,2,322,0,-0.3582018671095731,-0.7816238345752329,Regular Customers
19,10,2467.9900000000002,3,4,4,344,2,4.1841181993137475,1.2452243196401223,VIP Customers
3,5,1651.03,4,4,3,443,2,1.9743753886711306,-0.03969303864683024,VIP Customers
219,3,1129.06,1,3,3,133,1,-0.10872567874623836,1.244024681195101,Lost Customers
78,1,301.71999999999997,2,2,1,221,0,-0.8262692499132814,-0.7077705264230415,Regular Customers
267,2,901.2,1,2,3,123,1,-0.8444120471557177,1.38985151810003,Lost Customers
369,1,606.05,1,2,2,122,1,-1.8892638094661636,1.9609152053722514,Lost Customers
15,7,1770.22,4,4,4,444,2,2.6448115092752924,0.40493264736388207,VIP Customers
26,1,152.95,3,2,1,321,0,-0.7216652010189183,-1.2380215757414939,Regular Customers
262,1,292.47,1,2,1,121,1,-1.6807636838583855,0.865605010880908,Lost Customers
91,2,576.4,2,2,2,222,0,-0.32875826847239775,-0.30378038119225687,Regular Customers
302,7,758.27,1,4,3,143,1,0.41001351744270875,2.294999163027999,Lost Customers
26,5,1358.74,3,4,3,343,2,1.6043166441076468,-0.007645145501294935,VIP Customers
364,1,256.32,1,2,1,121,1,-2.1825015689503493,1.7202605066988308,Lost Customers
46,4,1048.28,3,3,3,333,0,0.9227012600700244,-0.1487478358815101,Regular Customers
52,3,743.11,2,3,3,233,0,0.31024865490194226,-0.4069705791185387,Regular Customers
32,1,603.75,3,2,2,322,0,-0.3416371622126812,-0.9316366074665512,Regular Customers
52,3,646.76,2,3,2,232,0,0.2231277261196718,-0.4614525040854383,Regular Customers
79,5,2247.41,2,4,4,244,2,2.164141306647196,0.9495680169745113,VIP Customers
53,1,417.6,2,2,2,222,0,-0.6065256618395896,-0.8567297119693541,Regular Customers
298,1,3.75,1,2,1,121,1,-2.107375344412786,1.0112035384660762,Lost Customers
177,1,323.0,1,2,2,122,1,-1.2622825733238852,0.15362110838546633,Lost Customers
47,1,464.9,3,2,2,322,0,-0.5361651731268967,-0.881459809190714,Regular Customers
29,7,2213.13,3,4,4,344,2,2.980917025996968,0.7754911929053286,VIP Customers
11,7,1291.91,4,4,3,443,2,2.2307114988085557,0.10015067736153667,VIP Customers
38,2,836.0600000000001,3,2,3,323,0,0.14975205755623788,-0.6116606023370842,Regular Customers
18,5,1515.9,4,4,3,443,2,1.7832110503575382,0.012587265190780305,VIP Customers
45,5,623.93,3,4,2,342,0,0.8525196746624542,-0.26014146320330134,Regular Customers
31,1,1764.72,3,2,4,324,0,0.7127256146186315,-0.2837356514819185,Regular Customers
373,1,207.5,1,2,1,121,1,-2.2680320668979395,1.7698692487894847,Lost Customers
58,1,223.92000000000002,2,2,1,221,0,-0.8046463238351504,-0.9233508082753095,Regular Customers
372,1,2002.4,1,2,4,124,1,-0.6404615019717153,2.7762313017566465,Lost Customers
114,3,1475.43,2,3,3,233,0,0.6873127886484683,0.539047574626015,Regular Customers
215,1,239.4,1,2,1,121,1,-1.5126191203014263,0.4323652414570338,Lost Customers
319,1,106.83000000000001,1,2,1,121,1,-2.1107382993412402,1.2496579913911547,Lost Customers
65,1,369.34000000000003,2,2,2,222,0,-0.7053454058475347,-0.7810661713619628,Regular Customers
8,3,789.79,4,3,3,433,0,0.5547928662845186,-0.7580677229632282,Regular Customers
97,1,316.62,2,2,2,222,0,-0.9001686426344885,-0.5363369638247439,Regular Customers
20,3,1207.24,3,3,3,333,0,0.8770741886303999,-0.4190645116102757,Regular Customers
199,1,611.8499999999999,1,2,2,122,1,-1.102268402351582,0.5057001645363153,Lost Customers
294,1,34.0,1,2,1,121,1,-2.0616287587040016,0.9939911352635903,Lost Customers
273,2,1145.6,1,2,3,123,1,-0.6510135849001877,1.57952585520561,Lost Customers
48,3,478.09000000000003,3,3,2,332,0,0.08900824900158315,-0.5911459089943661,Regular Customers
260,1,361.54,1,2,2,122,1,-1.609112617229633,0.8875024672178009,Lost Customers
58,5,757.1,2,4,3,243,0,0.9131527718545394,-0.07330740919220825,Regular Customers
33,5,2242.61,3,4,4,344,2,2.37133369971091,0.5522023091786012,VIP Customers
57,1,171.59,2,2,1,221,0,-0.8473652583845204,-0.9615206313497249,Regular Customers
68,4,661.52,2,3,2,232,0,0.47182004241140113,-0.17869818634080153,Regular Customers
10,11,1691.51,4,4,4,444,2,3.8323243484433283,0.866080751516973,VIP Customers
60,1,371.54,2,2,2,222,0,-0.6803634614776007,-0.8227190656389022,Regular Customers
80,2,222.62,2,2,1,221,0,-0.5980668801153965,-0.5982014702582913,Regular Customers
74,2,245.94,2,2,1,221,0,-0.5493894206938177,-0.6364912619343086,Regular Customers
100,2,422.24,2,2,2,222,0,-0.5095385706537643,-0.31373703584278817,Regular Customers
372,1,311.25,1,2,2,122,1,-2.1696214263114837,1.8199561859520563,Lost Customers
20,1,107.6,3,2,1,321,0,-0.7350800527491664,-1.3151414015376668,Regular Customers
123,2,594.39,2,2,2,222,0,-0.45964459945557007,-0.019067604226813188,Regular Customers
8,1,80.8,4,2,1,421,0,-0.7041305413763768,-1.4332482559801956,Regular Customers
4,6,1545.62,4,4,3,443,2,2.183386447862714,0.046419424206231304,VIP Customers
29,7,1705.78,3,4,4,344,2,2.5221645276297138,0.4886058308715297,VIP Customers
282,2,110.38,1,2,1,121,1,-1.628459849851738,1.0713663483357063,Lost Customers
57,1,243.84,2,2,1,221,0,-0.782035864461126,-0.9206662558556045,Regular Customers
1,10,1196.5,4,4,3,443,2,3.11719396195859,0.37182066078386605,VIP Customers
365,1,414.88,1,2,2,122,1,-2.0437280805396347,1.8184989845655009,Lost Customers
89,1,305.62,2,2,1,221,0,-0.8733267053418009,-0.6111920518605757,Regular Customers
11,1,1162.65,4,2,3,423,0,0.260296757275061,-0.7957688529231479,Regular Customers
163,4,1594.23,1,3,3,133,2,0.8783277730475281,1.1637517525027146,VIP Customers
65,1,332.3,2,2,2,222,0,-0.7388374577634175,-0.8020107536222011,Regular Customers
23,3,536.99,3,3,2,332,0,0.2572297766496,-0.7723249189788098,Regular Customers
174,2,460.59000000000003,1,2,2,122,1,-0.8151535989120684,0.3428224605810123,Lost Customers
103,4,762.16,2,3,3,233,0,0.4018713158477552,0.1784878761214811,Regular Customers
143,3,1121.59,1,3,3,133,0,0.2340085192005491,0.5877677815909557,Regular Customers
99,2,288.42,2,2,1,221,0,-0.6259418278442054,-0.3979860708066964,Regular Customers
23,5,914.69,3,4,3,343,2,1.2165964381114462,-0.28447512724138774,VIP Customers
192,1,309.54,1,2,2,122,1,-1.3434313080574167,0.27470074601365985,Lost Customers
5,2,547.07,4,2,2,422,0,0.04019518313566474,-1.0581920091492518,Regular Customers
361,1,479.35,1,2,2,122,1,-1.9670393237573751,1.8206365706973926,Lost Customers
8,10,1652.18,4,4,3,443,2,3.4970360253949577,0.6895444470509262,VIP Customers
103,4,417.06,2,3,2,232,0,0.08982738722542483,-0.016651846826905518,Regular Customers
3,9,1604.75,4,4,3,443,2,3.168219181899228,0.4826897870961605,VIP Customers
96,1,497.61,2,2,2,222,0,-0.7319165849318673,-0.4425740133311571,Regular Customers
227,1,358.38,1,2,2,122,1,-1.4602182713716763,0.6025960589867324,Lost Customers
16,2,460.64,4,2,2,422,0,-0.08853983842572966,-1.0126913994779125,Regular Customers
39,2,775.18,3,2,3,323,0,0.0901050310527707,-0.6375063342756705,Regular Customers
51,1,341.7,3,2,2,322,0,-0.6659583631980274,-0.9168067721083454,Regular Customers
93,2,128.5,2,2,1,221,0,-0.7429523703952601,-0.5398904751545838,Regular Customers
157,1,197.22,1,2,1,121,1,-1.284043790089276,-0.08908987154580368,Lost Customers
39,1,325.91,3,2,2,322,0,-0.6250534659830705,-1.0286879286382062,Regular Customers
184,3,199.15,1,3,1,131,1,-0.7886137203328096,0.4179208614178125,Lost Customers
1,4,1106.53,4,3,3,433,2,1.1823057517365165,-0.5018820056507979,VIP Customers
228,1,413.46,1,2,2,122,1,-1.4150127508944264,0.642320892893104,Lost Customers
128,2,180.85,2,2,1,221,0,-0.8565655458524799,-0.21001040290145095,Regular Customers
40,2,251.87,3,2,1,321,0,-0.3876772429523604,-0.9248370331311574,Regular Customers
197,2,588.85,1,2,2,122,1,-0.80494553912284,0.6126739193189673,Lost Customers
37,6,1869.82,3,4,4,344,2,2.324780664290799,0.512860624252281,VIP Customers
101,3,1264.19,2,3,3,233,0,0.55608777749653,0.3080681767418979,Regular Customers
50,1,214.32,3,2,1,321,0,-0.7765384882519059,-0.9974142544330545,Regular Customers
43,1,193.44,3,2,1,321,0,-0.7632287111638186,-1.0692766917057406,Regular Customers
53,1,281.42,2,2,1,221,0,-0.7296613969882102,-0.933733848367822,Regular Customers
187,1,124.57,1,2,1,121,1,-1.4876909230043232,0.12721098722136384,Lost Customers
334,1,332.41,1,2,2,122,1,-1.9757439430927906,1.505904825117819,Lost Customers
4,3,342.45,4,3,2,432,0,0.1686963344310348,-1.045337443705326,Regular Customers
10,2,144.91,4,2,1,421,0,-0.34643581858514516,-1.242699890272013,Regular Customers
24,2,328.4,3,2,2,322,0,-0.24490125510370436,-1.0188325847400435,Regular Customers
15,1,35.400000000000006,4,2,1,421,0,-0.7773715603916965,-1.3988644070500742,Regular Customers
369,1,375.69000000000005,1,2,2,122,1,-2.097558331046691,1.8306561889179185,Lost Customers
145,2,747.81,1,2,3,123,0,-0.4220880038333748,0.25643140938882863,Regular Customers
60,2,173.76,2,2,1,221,0,-0.5502760279453205,-0.7974173835735372,Regular Customers
31,2,502.8,3,2,2,322,0,-0.11939624250155628,-0.8601609609503005,Regular Customers
141,3,207.74,2,3,1,231,0,-0.5831095197095598,0.053864784492820526,Regular Customers
23,4,817.12,3,3,3,333,0,0.8194496759248474,-0.476784972658842,Regular Customers
22,6,2812.34,3,4,4,344,2,3.24599758889933,0.9171258460921491,VIP Customers
77,3,680.02,2,3,3,233,0,0.1382384745129008,-0.22816084018351174,Regular Customers
67,5,2095.53,2,4,4,244,2,2.081991847889354,0.760733615309774,VIP Customers
12,6,846.62,4,4,3,443,2,1.5145532346446295,-0.2802010116447944,VIP Customers
84,1,13.3,2,2,1,221,0,-1.114653592782498,-0.8193837789475958,Regular Customers
31,7,1491.43,3,4,3,343,2,2.3191493869637196,0.38455856592860505,VIP Customers
67,1,432.0,2,2,2,222,0,-0.6578844854655086,-0.7284757815557348,Regular Customers
67,3,705.12,2,3,3,233,0,0.20691957369172043,-0.29976163811139384,Regular Customers
187,2,272.48,1,2,1,121,1,-1.045026075141549,0.34798601274088065,Lost Customers
38,2,429.84,3,2,2,322,0,-0.21755737357955784,-0.8413611478488014,Regular Customers
15,3,450.41,4,3,2,432,0,0.21573129051349688,-0.8899173592616398,Regular Customers
35,1,192.32999999999998,3,2,1,321,0,-0.7274441066614098,-1.1385393953313738,Regular Customers
195,3,1578.67,1,3,3,133,1,0.40818240027880476,1.2923553362186428,Lost Customers
2,5,742.43,4,4,3,443,0,1.1574059332250848,-0.5620479981136391,Regular Customers
1,5,518.19,4,4,2,442,0,0.9592437307259473,-0.6974257892322653,Regular Customers
367,1,145.93,1,2,1,121,1,-2.2961132545373566,1.6835776863771923,Lost Customers
65,1,202.27,2,2,1,221,0,-0.8564122825642335,-0.8755373203419308,Regular Customers
299,2,289.78,1,2,1,121,1,-1.5444191231814315,1.318659070432196,Lost Customers
26,3,501.03,3,3,2,332,0,0.21091866946699778,-0.76692066431045,Regular Customers
8,6,1271.06,4,4,3,443,2,1.9167315683210653,-0.07451533490226585,VIP Customers
17,3,887.11,4,3,3,433,0,0.6014040656097984,-0.6258228779700032,Regular Customers
116,1,1706.88,2,2,4,224,0,0.2695504452876205,0.4128055798059878,Regular Customers
29,1,363.2,3,2,2,322,0,-0.5453500095457572,-1.09339578764189,Regular Customers
82,4,559.59,2,3,2,232,0,0.31527411297083224,-0.11622404141134866,Regular Customers
29,5,928.76,3,4,3,343,2,1.2017275051783893,-0.2250428428356105,VIP Customers
72,1,379.14,2,2,2,222,0,-0.7286738636923167,-0.7154690140958491,Regular Customers
4,8,1508.96,4,4,3,443,2,2.76808338384224,0.2999658383693459,VIP Customers
29,11,2555.58,3,4,4,344,2,4.526255563859543,1.5176846952687955,VIP Customers
290,1,113.44,1,2,1,121,1,-1.971403932343428,1.0045936349061668,Lost Customers
36,1,183.76,3,2,1,321,0,-0.7397917477512747,-1.1348059939537325,Regular Customers
9,6,621.6800000000001,4,4,2,442,2,1.3249551532512656,-0.4331333848794655,VIP Customers
24,2,562.41,3,2,2,322,0,-0.03330635583708153,-0.8865096448178412,Regular Customers
277,1,391.52,1,2,2,122,1,-1.6601794066843587,1.0503043825830596,Lost Customers
50,6,1068.82,3,4,3,343,2,1.5407250428473511,0.17146032594029578,VIP Customers
156,11,2592.25,1,4,4,144,2,3.975399095999694,2.6280013926294394,VIP Customers
61,1,154.18,2,2,1,221,0,-0.8815017483427667,-0.9370477412082144,Regular Customers
21,3,829.89,3,3,3,333,0,0.5312708535464955,-0.6238608900903744,Regular Customers
371,1,230.25,1,2,1,121,1,-2.2382641494253344,1.765574668131393,Lost Customers
116,3,543.05,2,3,2,232,0,-0.16495445885233306,0.028984154166920705,Regular Customers
4,7,1295.39,4,4,3,443,2,2.266047906152337,0.042062808767560245,VIP Customers
26,3,378.89,3,3,2,332,0,0.10047808574653577,-0.8359857635886765,Regular Customers
53,1,150.23000000000002,2,2,1,221,0,-0.8482851089440593,-1.0079163469293952,Regular Customers
1,2,563.23,4,2,2,422,0,0.07320140676305661,-1.083371722396197,Regular Customers
55,2,931.03,2,2,3,223,0,0.15745007517530316,-0.41210954007406925,Regular Customers
26,1,261.9,3,2,1,321,0,-0.6231511876216338,-1.1764148738718134,Regular Customers
9,4,2711.6800000000003,4,3,4,434,2,2.5969150715092826,0.47439872520789844,VIP Customers
13,9,1904.99,4,4,4,444,2,3.3937147611845893,0.7382568483217189,VIP Customers
212,3,816.73,1,3,3,133,1,-0.35894879936020335,1.0073593686592819,Lost Customers
236,1,406.48,1,2,2,122,1,-1.458112439090126,0.7070090373803641,Lost Customers
139,3,435.02,2,3,2,232,0,-0.3684029041172061,0.16522342763836087,Regular Customers
4,6,1286.27,4,4,3,443,2,1.9488787895370077,-0.10023223370934116,VIP Customers
57,3,1178.56,2,3,3,233,0,0.6809955582908114,-0.11784477916683408,Regular Customers
135,3,1277.75,2,3,3,233,0,0.411998712385757,0.6074347337986832,Regular Customers
109,2,167.61,2,2,1,221,0,-0.781165159443898,-0.38050530441573144,Regular Customers
30,1,20.8,3,2,1,321,0,-0.8595510980189677,-1.278429392094037,Regular Customers
1,9,2085.08,4,4,4,444,2,3.611736913509781,0.7371376997058829,VIP Customers
185,4,518.67,1,3,2,132,1,-0.19537540356519892,0.7443135980247367,Lost Customers
18,1,308.74,4,2,2,422,0,-0.5440095666676434,-1.2185638431729748,Regular Customers
239,2,416.64,1,2,2,122,1,-1.1537985462641038,0.8756302984464898,Lost Customers
87,1,117.35000000000001,2,2,1,221,0,-1.0343658287787414,-0.7348096818857164,Regular Customers
39,3,507.05,3,3,2,332,0,0.15658107548455572,-0.6519846565841652,Regular Customers
116,1,234.17000000000002,2,2,1,221,0,-1.0620931772026496,-0.4199507846776936,Regular Customers
187,1,110.55000000000001,1,2,1,121,1,-1.5003679901711882,0.11928325927080925,Lost Customers
227,1,201.19,1,2,1,121,1,-1.6023515230093004,0.5137116398321196,Lost Customers
8,7,2154.97,4,4,4,444,2,3.024897231791012,0.5624371350971482,VIP Customers
189,1,319.02,1,2,2,122,1,-1.3210637628276378,0.2543231506797733,Lost Customers
4,2,439.43,4,2,2,422,0,-0.05253577602135822,-1.1276373409929379,Regular Customers
39,3,650.41,3,3,2,332,0,0.28620906043760486,-0.5709205282680808,Regular Customers
38,1,357.21,3,2,2,322,0,-0.5921530619329461,-1.0195684586666245,Regular Customers
267,1,251.51999999999998,1,2,1,121,1,-1.740783884484811,0.8853463888893746,Lost Customers
78,1,344.33,2,2,2,222,0,-0.7877407312271107,-0.6836763404049866,Regular Customers
4,6,1852.0,4,4,4,444,2,2.4604192466204933,0.21966459464067553,VIP Customers
255,2,1028.46,1,2,3,123,1,-0.6741594710377635,1.3588591977561058,Lost Customers
61,1,384.06,2,2,2,222,0,-0.6736412490332874,-0.8070601448263683,Regular Customers
13,7,1905.87,4,4,4,444,2,2.7766650817506826,0.4644783295886439,VIP Customers
30,2,1873.2,3,2,4,324,2,1.124335876466455,-0.09383603458873183,VIP Customers
3,7,1616.8,4,4,3,443,2,2.5612695623978374,0.21522743963324922,VIP Customers
5,1,126.12,4,2,1,421,0,-0.6493559999083354,-1.433359819235061,Regular Customers
7,6,1133.25,4,4,3,443,2,1.7967205010025362,-0.16102054921872141,VIP Customers
219,1,179.0,1,2,1,121,1,-1.5856277299104231,0.4325290713564372,Lost Customers
11,5,1614.31,4,4,3,443,2,1.9043844039317388,0.00817837051592979,VIP Customers
30,6,1456.96,3,4,3,343,2,1.983657004284186,0.21934977028498892,VIP Customers
288,3,702.0,1,3,3,133,1,-0.8121778338113337,1.5945172414761402,Lost Customers
150,4,295.0,1,3,1,131,0,-0.23667201034958346,0.31755917823315816,Regular Customers
23,2,484.82,3,2,2,322,0,-0.09886571240036063,-0.9389629492068791,Regular Customers
86,3,1493.73,2,3,3,233,2,0.8326188712469065,0.3091728084115523,VIP Customers
46,2,1312.1399999999999,3,2,3,323,0,0.5434415323866258,-0.27382208240083056,Regular Customers
5,4,781.78,4,3,3,433,0,0.8702684184783945,-0.6511971260887055,Regular Customers
51,6,889.9300000000001,3,4,3,343,2,1.3743718325805656,0.07888483826383909,VIP Customers
18,1,195.36,4,2,1,421,0,-0.6465292439414766,-1.2826755261283156,Regular Customers
30,1,270.9,3,2,1,321,0,-0.6334074105415848,-1.1370082251586806,Regular Customers
8,3,583.4300000000001,4,3,2,432,0,0.36819945825639894,-0.8747557357932167,Regular Customers
29,3,1838.61,3,3,4,334,2,1.4065803751499872,0.015163436948831129,VIP Customers
41,2,920.1,3,2,3,323,0,0.21194651813567456,-0.5384013295470019,Regular Customers
11,4,1258.08,4,3,3,433,2,1.273353890434065,-0.33039296646289706,VIP Customers
31,1,71.0,3,2,1,321,0,-0.818758137297374,-1.241463995591282,Regular Customers
45,3,95.85,3,3,1,331,0,-0.2428225474665205,-0.8330249018169285,Regular Customers
61,3,357.77,2,3,2,232,0,-0.07956762357299237,-0.5476499261805681,Regular Customers
185,2,154.83,1,2,1,121,1,-1.1422096719505295,0.2643010608803736,Lost Customers
79,6,877.5600000000001,2,4,3,243,2,1.2344277334557012,0.3121127732904834,VIP Customers
111,2,716.0,2,2,3,223,0,-0.2945008271530787,-0.05325476500730182,Regular Customers
64,1,146.87,2,2,1,221,0,-0.9019071512221822,-0.9154431009632934,Regular Customers
12,2,380.35,4,2,2,422,0,-0.1427449648870765,-1.092409583540192,Regular Customers
86,3,1030.14,2,3,3,233,0,0.4134347365902095,0.04703190965280842,Regular Customers
16,3,745.52,4,3,3,433,0,0.47797507290676505,-0.7144655253572931,Regular Customers
246,2,433.53000000000003,1,2,2,122,1,-1.1707161334802787,0.9452365563666287,Lost Customers
88,1,1267.32,2,2,3,223,0,0.0008535340899989775,-0.07597000805190651,Regular Customers
30,1,112.4,3,2,1,321,0,-0.7767251812939446,-1.2266333949277888,Regular Customers
138,1,449.73,2,2,2,222,0,-0.968348781741012,-0.1093141808446865,Regular Customers
27,3,1071.49,3,3,3,333,0,0.7221375192209114,-0.4357698367409679,Regular Customers
3,5,1036.58,4,4,3,443,2,1.4187816710762569,-0.38713900435426624,VIP Customers
32,4,1735.18,3,3,4,334,2,1.608184705958593,0.11955426877790312,VIP Customers
25,1,948.48,3,2,3,323,0,0.00226195345439819,-0.7967617682768795,Regular Customers
113,3,339.44,2,3,2,232,0,-0.33526567557599474,-0.1118869895966144,Regular Customers
157,1,642.02,1,2,2,122,1,-0.8818498189179849,0.16242606229204729,Lost Customers
85,3,1100.9,2,3,3,233,0,0.4820153881727511,0.07846437141674982,Regular Customers
118,3,925.35,2,3,3,233,0,0.17152912552517757,0.26231769391004306,Regular Customers
194,1,240.89000000000001,1,2,1,121,1,-1.414702605199002,0.25304078224019305,Lost Customers
28,1,399.09,3,2,2,322,0,-0.5082992675287347,-1.0816808632271524,Regular Customers
131,1,498.48,2,2,2,222,0,-0.8920786489590017,-0.14180374385224304,Regular Customers
28,5,1356.33,3,4,3,343,2,1.5929404203707072,0.008150860728428974,VIP Customers
82,3,1179.89,2,3,3,233,0,0.5672347835286913,0.09739179532987083,Regular Customers
266,1,234.24,1,2,1,121,1,-1.7518101511170185,0.8669958856913458,Lost Customers
314,4,533.33,1,3,2,132,1,-0.7753306712297876,1.8593433153218897,Lost Customers
21,7,1461.14,3,4,3,343,2,2.3377461244897115,0.2816370225527046,VIP Customers
59,3,855.45,2,3,3,233,0,0.3796382047098226,-0.28339130886741326,Regular Customers
28,9,2709.7000000000003,3,4,4,344,2,4.052366029583286,1.3219776540886592,VIP Customers
114,1,304.24,2,2,1,221,0,-0.989537897509214,-0.397487869856453,Regular Customers
28,9,2429.03,3,4,4,344,2,3.798580548718524,1.1632704212867941,VIP Customers
18,4,1446.09,4,3,3,433,2,1.4111652428465578,-0.16402545270118224,VIP Customers
18,4,834.12,4,3,3,433,0,0.8578139736520994,-0.5100690813674359,Regular Customers
36,3,841.0799999999999,3,3,3,333,0,0.47241097085741585,-0.4888427008230103,Regular Customers
36,2,378.2,3,2,2,322,0,-0.25505386598876995,-0.8877201851575177,Regular Customers
78,1,118.80000000000001,2,2,1,221,0,-0.9916679037052162,-0.8112041923799204,Regular Customers
22,2,287.62,3,2,1,321,0,-0.272577993630452,-1.059050742908744,Regular Customers
25,2,288.91,3,2,1,321,0,-0.28520716415358804,-1.0325831596984327,Regular Customers
33,2,2003.85,3,2,4,324,2,1.2286757079907968,0.005779258156796009,VIP Customers
109,3,1405.78,2,3,3,233,0,0.6473270243208813,0.45676648824869404,Regular Customers
35,2,2747.9900000000002,3,2,4,324,2,1.8923397476934427,0.4437182958762855,VIP Customers
123,5,1562.4,2,4,3,243,2,1.3424107696851006,0.9397160465055423,VIP Customers
7,6,2050.08,4,4,4,444,2,2.6257301650964546,0.3574087529857679,VIP Customers
28,4,1991.01,3,3,4,334,2,1.857903674798717,0.22989799047456816,VIP Customers
4,7,1974.65,4,4,4,444,2,2.8802436724693585,0.42615613884556974,VIP Customers
50,4,1774.03,3,3,4,334,2,1.5605397512620853,0.2959511814878269,VIP Customers
322,1,302.0,1,2,1,121,1,-1.948058640883509,1.3857566655467954,Lost Customers
23,3,1324.16,3,3,3,333,0,0.9689991747766353,-0.32721296385484144,Regular Customers
15,4,1022.13,4,3,3,433,0,1.0416106773198521,-0.42949537349073014,Regular Customers
2,8,954.42,4,4,3,443,2,2.2758581412036154,-0.030762270717821907,VIP Customers
18,2,971.74,4,2,3,423,0,0.36440638868303615,-0.7065268069508082,Regular Customers
10,4,1621.73,4,3,3,433,2,1.6067695065318033,-0.13334336921836173,VIP Customers
262,1,25.5,1,2,1,121,1,-1.9221614457369818,0.7146445593146061,Lost Customers
159,2,665.78,1,2,2,122,0,-0.5606400932867389,0.3301581781568005,Regular Customers
29,6,881.29,3,4,3,343,2,1.4677272044632703,-0.11474709598794479,VIP Customers
165,1,163.29999999999998,1,2,1,121,1,-1.3515029782475536,-0.03963517862687008,Lost Customers
47,1,231.61,3,2,1,321,0,-0.7471090389869474,-1.0133756190041858,Regular Customers
6,8,801.12,4,4,3,443,2,2.1188481378855073,-0.08312953401431858,VIP Customers
8,3,837.5,4,3,3,433,0,0.597932871600576,-0.7310896986750001,Regular Customers
288,1,116.19999999999999,1,2,1,121,1,-1.9597112340338492,0.9889955391459646,Lost Customers
318,1,157.02,1,2,1,121,1,-2.0607573104992416,1.269458972132064,Lost Customers
3,2,606.91,4,2,2,422,0,0.10350036317738676,-1.0415137346228882,Regular Customers
233,1,307.46,1,2,2,122,1,-1.533852011378524,0.6252791964947535,Lost Customers
119,1,138.32,2,2,1,221,0,-1.1625576048291564,-0.4484118386369167,Regular Customers
162,1,345.3,1,2,2,122,1,-1.1731405950985498,0.03754012375890622,Lost Customers
185,1,294.24,1,2,1,121,1,-1.3250760220683948,0.20599356708363406,Lost Customers
50,1,230.5,3,2,1,321,0,-0.7619083208653242,-0.988265136156309,Regular Customers
152,5,989.45,1,4,3,143,2,0.6909843756343453,0.8645386449650615,VIP Customers
335,1,157.09,1,2,1,121,1,-2.1388691127186554,1.4153480242304837,Lost Customers
5,5,2463.17,4,4,4,444,2,2.6995259167722647,0.4366971760083016,VIP Customers
107,2,413.2,2,2,2,222,0,-0.5499024026371864,-0.25879311642178493,Regular Customers
16,7,1139.73,4,4,3,443,2,2.0701156789973667,0.05699610815601018,VIP Customers
276,1,380.5,1,2,2,122,1,-1.6655452995316467,1.0354936494970473,Lost Customers
247,1,454.12,1,2,2,122,1,-1.4656196150693823,0.828320666048198,Lost Customers
239,1,579.0,1,2,2,122,1,-1.3159132065474792,0.8303000768655296,Lost Customers
1,2,984.57,4,2,3,423,0,0.45418253943686915,-0.8451214446011426,Regular Customers
106,3,749.78,2,3,3,233,0,0.0679588592649794,0.060087580751108954,Regular Customers
23,4,1714.59,3,3,4,334,2,1.6309537750864902,0.03069705328867619,VIP Customers
52,1,124.88,2,2,1,221,0,-0.8666083750082642,-1.03083010009611,Regular Customers
195,3,1689.5,1,3,4,134,2,0.5083963342376946,1.3550251000388969,VIP Customers
24,1,213.78,3,2,1,321,0,-0.6574648500431595,-1.220783497315626,Regular Customers
75,1,329.34,2,2,2,222,0,-0.7874992796901409,-0.7178907048508611,Regular Customers
18,2,251.7,4,2,1,421,0,-0.2866631864117851,-1.1136795340205163,Regular Customers
8,2,319.0,4,2,2,422,0,-0.17982429590331508,-1.161417983908926,Regular Customers
32,3,1266.97,3,3,3,333,0,0.8759004134776431,-0.2823371092781777,Regular Customers
22,3,1538.88,3,3,3,333,2,1.1677503391510364,-0.21437709868420707,VIP Customers
29,10,1715.46,3,4,4,344,2,3.457685390492094,0.9054936522989667,VIP Customers
22,2,293.1,3,2,1,321,0,-0.26762290603598554,-1.0559520304145185,Regular Customers
33,7,2467.35,3,4,4,344,2,3.1923919307987436,0.9535595711502011,VIP Customers
284,1,158.68,1,2,1,121,1,-1.9029061225439834,0.9786986932070508,Lost Customers
39,2,206.34,3,2,1,321,0,-0.4242475286618813,-0.9591617385120084,Regular Customers
58,2,835.78,2,2,3,223,0,0.0575281753876068,-0.44023131894268375,Regular Customers
289,1,224.91,1,2,1,121,1,-1.8660127668976147,1.0590459115679023,Lost Customers
79,1,317.76,2,2,2,222,0,-0.8163642074812815,-0.6901211917456037,Regular Customers
218,1,59.9,1,2,1,121,1,-1.6887209707887207,0.3566035852821268,Lost Customers
44,4,1443.69,3,3,3,333,2,1.2894332182276418,0.05768134223740681,VIP Customers
202,1,306.13,1,2,1,121,1,-1.3925000258632478,0.3585663384670433,Lost Customers
178,3,711.79,1,3,3,133,1,-0.29748672410022325,0.6563212153028051,Lost Customers
56,4,783.97,2,3,3,233,0,0.6377233536882269,-0.21241036199443813,Regular Customers
57,2,239.92000000000002,2,2,1,221,0,-0.47665768620927174,-0.7857447920145969,Regular Customers
47,2,144.0,3,2,1,321,0,-0.5174044521184684,-0.9257773757182362,Regular Customers
227,1,203.95,1,2,1,121,1,-1.5998558949507735,0.5152723052489192,Lost Customers
11,7,2474.23,4,4,4,444,2,3.2997806894453383,0.7687035525754934,VIP Customers
106,2,383.75,2,2,2,222,0,-0.5719329422665941,-0.28402524937432516,Regular Customers
59,2,444.74,2,3,2,232,0,-0.3006538365518168,-0.652768824073502,Regular Customers
28,7,2093.68,3,4,4,344,2,2.8775073105460307,0.6993677963614965,VIP Customers
36,7,1699.3,3,4,4,344,2,2.484115481091882,0.5449973240124631,VIP Customers
274,2,262.62,1,3,1,131,1,-1.45401417188009,1.0888167032847904,Lost Customers
30,1,1013.01,3,2,3,323,0,0.03761814689080477,-0.7173758293394188,Regular Customers
24,3,692.22,3,3,3,333,0,0.39299223555491836,-0.6759694178650176,Regular Customers
54,1,289.78000000000003,2,2,1,221,0,-0.7267007108929808,-0.9204272348501745,Regular Customers
175,4,1564.56,1,3,3,133,2,0.796317349912052,1.2499271663341294,VIP Customers
54,1,384.08,2,2,2,222,0,-0.641433418893312,-0.8671044997761878,Regular Customers
53,1,204.24,2,2,1,221,0,-0.799448561320495,-0.9773759341897765,Regular Customers
27,8,2317.2200000000003,3,4,4,344,2,3.393156327616356,0.9543290664637281,VIP Customers
253,1,226.85,1,2,1,121,1,-1.6987113290331932,0.7512851998415047,Lost Customers
40,7,2781.23,3,4,4,344,2,3.444016581662968,1.191101344336759,VIP Customers
60,6,1059.1200000000001,2,4,3,243,2,1.48596882486466,0.2517691845271324,VIP Customers
234,1,113.5,1,2,1,121,1,-1.7138317125300921,0.5241822494591772,Lost Customers
4,10,1951.97,4,4,4,444,2,3.786504200558576,0.8247457237195156,VIP Customers
32,1,114.23,3,2,1,321,0,-0.7842675416366255,-1.208439844724431,Regular Customers
7,2,334.48,4,3,2,432,0,-0.16122854253648605,-1.1612440671597248,Regular Customers
65,1,328.65,2,2,2,222,0,-0.7421378354495128,-0.8040746770900701,Regular Customers
310,2,416.89,1,3,2,132,1,-1.4800684869102774,1.4849076848511409,Lost Customers
309,1,393.49,1,2,2,122,1,-1.8055512309637634,1.3259585146292534,Lost Customers
19,6,939.32,3,4,3,343,2,1.5661840398621227,-0.1677273460262574,VIP Customers
16,8,1906.09,4,4,4,444,2,3.071991096713749,0.6274789333203535,VIP Customers
96,2,318.76,2,3,2,232,0,-0.5847123980851253,-0.4065682021570904,Regular Customers
3,2,417.77,4,3,2,432,0,-0.06752249587688032,-1.1484645523524095,Regular Customers
35,1,190.88,3,2,1,321,0,-0.7287552156052011,-1.1393593101336779,Regular Customers
183,1,149.89,1,2,1,121,1,-1.4464021077044291,0.10721087369104372,Lost Customers
25,2,550.06,3,3,2,332,0,-0.04907192231145073,-0.8849136765110343,Regular Customers
13,6,916.13,4,4,3,443,2,1.5728065496452646,-0.2323166118092857,VIP Customers
11,2,314.69,4,3,2,432,0,-0.19751705958867954,-1.138116968210962,Regular Customers
313,1,382.5,1,2,2,122,1,-1.8338826730467406,1.3540616482402759,Lost Customers
108,2,1135.04,2,3,3,233,0,0.09819622084853939,0.15795681650825003,Regular Customers
53,1,954.9,2,2,3,223,0,-0.1206919821850602,-0.5529088683293422,Regular Customers
205,1,171.45,1,2,1,121,1,-1.5280750467914208,0.3081485315605996,Lost Customers
15,1,280.09000000000003,4,2,1,421,0,-0.5561196655942522,-1.2605023705150389,Regular Customers
120,1,318.65,2,2,2,222,0,-1.0040993980002784,-0.33786332956599746,Regular Customers
4,2,381.97,4,3,2,432,0,-0.10449185871808116,-1.160128585503556,Regular Customers
363,1,269.83,1,2,1,121,1,-2.165687115320947,1.719320470233867,Lost Customers
117,2,348.90999999999997,2,3,2,232,0,-0.6540196118209586,-0.2093526364954887,Regular Customers
18,1,178.26,4,2,1,421,0,-0.6619912873475672,-1.2923448662106611,Regular Customers
5,2,271.19,4,3,1,431,0,-0.20925911714926287,-1.2141906958110917,Regular Customers
41,2,291.48,3,3,1,331,0,-0.35645989858576665,-0.8938598419776446,Regular Customers
107,2,240.0,2,3,1,231,0,-0.706512105440396,-0.35673052591080423,Regular Customers
148,2,581.23,1,3,2,132,0,-0.5865074215249564,0.18797547683169377,Regular Customers
52,5,1253.3600000000001,2,4,3,243,2,1.3894687580876075,0.15583073471916936,VIP Customers
208,1,63.440000000000005,1,2,1,121,1,-1.6395347052844809,0.2728115024317087,Lost Customers
139,2,550.01,2,3,2,232,0,-0.5733501372746465,0.09310743765385086,Regular Customers
2,3,296.58,4,3,1,431,0,0.1364171514050474,-1.0884337855593562,Regular Customers
127,2,317.2,2,3,2,232,0,-0.7286775593573371,-0.14148951914914482,Regular Customers
108,4,763.64,2,3,3,233,0,0.38021687555585715,0.2222216576208202,Regular Customers
42,4,2148.63,3,3,4,334,2,1.9360462462967916,0.43913688501646314,VIP Customers
35,1,107.82,3,2,1,321,0,-0.8038591527578258,-1.1863262918435968,Regular Customers
228,2,1065.3500000000001,1,3,3,133,1,-0.516642602692382,1.148075685354168,Lost Customers
241,1,246.04,1,2,1,121,1,-1.6261770588156021,0.6591837810941258,Lost Customers
58,1,187.82999999999998,2,2,1,221,0,-0.8372793733395838,-0.9437582049754176,Regular Customers
130,3,1685.46,2,3,4,234,2,0.8036480966155614,0.7950809095095739,VIP Customers
60,6,1647.48,2,4,3,243,2,2.017971623601937,0.5844623383779372,VIP Customers
22,1,151.37,3,2,1,321,0,-0.7046997171590146,-1.2732325225007668,Regular Customers
26,7,1049.06,3,4,3,343,2,1.9421453291672397,0.09151979326521434,VIP Customers
9,7,1417.6299999999999,4,4,3,443,2,2.3535862355516373,0.15408135683672594,VIP Customers
32,3,931.02,3,3,3,333,0,0.5721300343971681,-0.47230288709478296,Regular Customers
4,2,513.01,4,3,2,432,0,0.013996221278065364,-1.0860309057146351,Regular Customers
308,1,550.8000000000001,1,2,2,122,1,-1.658710938632851,1.406331408213487,Lost Customers
8,9,1854.06,4,4,4,444,2,3.37065586542788,0.6665611447713867,VIP Customers
29,3,547.0,3,3,2,332,0,0.2386897386739276,-0.7151883960194841,Regular Customers
17,1,128.18,4,2,1,421,0,-0.7026757425013987,-1.329242407695294,Regular Customers
101,2,498.42,2,3,2,232,0,-0.4452541545116892,-0.2620810279166805,Regular Customers
12,4,656.61,4,3,2,432,0,0.7248983232932593,-0.6619199004549992,Regular Customers
21,1,163.24,3,2,1,321,0,-0.6893681729556936,-1.2750999108800607,Regular Customers
15,5,1135.63,4,4,3,443,2,1.4531615536268616,-0.22817777441761714,VIP Customers
361,1,250.04,1,2,1,121,1,-2.174384421619985,1.6909712856516246,Lost Customers
95,1,82.75,2,2,1,221,0,-1.1024398818210037,-0.6857395007361391,Regular Customers
78,2,1384.85,2,3,3,233,0,0.46203374030294336,0.041832582828118574,Regular Customers
139,3,644.3,2,3,2,232,0,-0.17916919394021016,0.28356257924264466,Regular Customers
31,1,2328.84,3,2,4,324,2,1.2228102886679768,0.03525078870829848,VIP Customers
25,8,2527.92,3,4,4,344,2,3.5928710905962546,1.0563124079387836,VIP Customers
46,3,2600.34,3,3,4,334,2,2.0171714957775286,0.5917395982355098,VIP Customers
100,3,1200.6200000000001,2,3,3,233,0,0.5032054881001159,0.26354260030341464,Regular Customers
8,2,657.16,4,3,2,432,0,0.12594439405011076,-0.9702025428419123,Regular Customers
15,7,906.52,4,4,3,443,2,1.863842685308017,-0.08345384556721477,VIP Customers
18,4,986.48,4,3,3,433,0,0.9955798761873017,-0.42391582669222244,Regular Customers
280,1,96.8,1,2,1,121,1,-1.9404646864845043,0.9093905998416122,Lost Customers
14,2,523.11,4,3,2,432,0,-0.022856578023889507,-0.9945259691377143,Regular Customers
23,2,363.9,3,3,2,332,0,-0.20820315618190857,-1.0073381891342015,Regular Customers
124,1,175.2,2,2,1,221,0,-1.1522029026312528,-0.38466082679166946,Regular Customers
86,1,494.25,2,2,2,222,0,-0.6889693895739445,-0.5302677597235742,Regular Customers
302,2,307.02,1,3,2,132,1,-1.542626095322863,1.354145716467853,Lost Customers
151,4,1981.06,1,3,4,134,2,1.2832869343654192,1.2795354909409193,VIP Customers
94,2,243.36,2,3,1,231,0,-0.6436929929112212,-0.4663625330539077,Regular Customers
157,3,682.29,1,3,3,133,0,-0.2275917718723456,0.45947319765602945,Regular Customers
355,1,193.64,1,2,1,121,1,-2.1977908277149876,1.60760314360341,Lost Customers
46,1,157.62,3,2,1,321,0,-0.8094132285173653,-1.063793272849572,Regular Customers
15,4,519.69,4,3,2,432,0,0.5872978651001949,-0.7136043343663816,Regular Customers
86,1,228.96,2,2,1,221,0,-0.9288480735038721,-0.680278241036172,Regular Customers
15,5,1156.6,4,4,3,443,2,1.4721229015932777,-0.21632011000084622,VIP Customers
179,1,98.25,1,2,1,121,1,-1.4747015298625892,0.043693075205325685,Lost Customers
8,4,1281.32,4,3,3,433,2,1.3081634074338913,-0.34298985305215957,VIP Customers
36,3,587.15,3,3,2,332,0,0.2428041473422946,-0.6324295737534182,Regular Customers
129,2,1740.0,2,3,4,234,0,0.5486397188235197,0.6802035735577454,Regular Customers
51,1,1393.06,3,2,3,323,0,0.28469508448778347,-0.32230634000456176,Regular Customers
312,1,178.22,1,2,1,121,1,-2.013996782774792,1.2299704084692296,Lost Customers
24,2,384.39,3,3,2,332,0,-0.19427436561206635,-0.9871725642014164,Regular Customers
303,2,360.81,1,3,2,132,1,-1.4985870096990552,1.3931411089294161,Lost Customers
11,1,127.86,4,2,1,421,0,-0.6753738799289416,-1.3808996379412906,Regular Customers
17,3,568.24,4,3,2,432,0,0.3130776456741203,-0.80613062487395,Regular Customers
49,3,488.2,3,3,2,332,0,0.09355130796000886,-0.5768497431291101,Regular Customers
239,2,312.23,1,3,2,132,1,-1.2482074323477246,0.8165907780957479,Lost Customers
238,1,167.55,1,2,1,121,1,-1.6833531368860444,0.5890628028921732,Lost Customers
23,8,1878.87,3,4,4,344,2,3.015188671214378,0.6721428174959159,VIP Customers
73,4,446.18,2,3,2,232,0,0.25411412543479234,-0.2575671134177279,Regular Customers
17,3,418.4,4,3,2,432,0,0.17759036006192094,-0.8908589241686073,Regular Customers
41,8,1337.18,3,4,3,343,2,2.4426118639464196,0.5202684617026337,VIP Customers
40,4,646.92,3,3,2,332,0,0.5873775151817471,-0.4271765366903031,Regular Customers
219,2,495.77,1,3,2,132,1,-0.9902774639451664,0.7487874165429045,Lost Customers
199,3,400.1,1,3,2,132,1,-0.6758901318675181,0.6602404526749938,Lost Customers
71,2,203.2,2,3,1,231,0,-0.5742398817018193,-0.6863970993208314,Regular Customers
11,1,389.71999999999997,4,2,2,422,0,-0.43859664681087895,-1.2328286792300054,Regular Customers
65,1,65.4,2,2,1,221,0,-0.9801719247274858,-0.9529316230945986,Regular Customers
4,1,193.39000000000001,4,2,1,421,0,-0.5839310519215397,-1.4039008075814932,Regular Customers
19,2,336.4,3,3,2,332,0,-0.21467487495860516,-1.0572058198077665,Regular Customers
15,1,256.11,4,2,1,421,0,-0.5778026948853664,-1.2740620649696963,Regular Customers
8,6,2686.42,4,4,4,444,2,3.196518571551728,0.7258119855040758,VIP Customers
20,2,746.81,3,3,3,333,0,0.15182467379268888,-0.8165566226581314,Regular Customers
78,4,1259.56,2,3,3,233,2,0.9665902723595563,0.24526241152349787,VIP Customers
164,2,508.8,1,3,2,132,1,-0.7255761358084094,0.28428940822640525,Lost Customers
307,2,417.27,1,3,2,132,1,-1.4659292805691195,1.45938441730969,Lost Customers
219,1,203.86999999999998,1,2,1,121,1,-1.5631399509917405,0.4465920238621642,Lost Customers
22,2,681.41,3,3,3,333,0,0.08349206911132571,-0.8363788463574683,Regular Customers
115,3,653.38,2,3,2,232,0,-0.060594096300259026,0.0827918081565001,Regular Customers
126,5,2097.84,2,4,4,244,2,1.8127670076627407,1.2682232791301702,VIP Customers
36,1,263.92,3,2,1,321,0,-0.6673100284862326,-1.089478841848422,Regular Customers
1,3,1031.41,4,3,3,433,0,0.805458572852066,-0.6814973080946465,Regular Customers
333,3,2184.42,1,3,4,134,1,0.32131161688834564,2.818836334325378,Lost Customers
163,1,32.65,1,2,1,121,1,-1.4604413448974216,-0.13067109078389705,Lost Customers
185,2,771.85,1,3,3,133,1,-0.5842921267794187,0.6132002548925831,Lost Customers
16,5,1214.72,4,4,3,443,2,1.520077229787166,-0.1748762823020577,VIP Customers
12,3,778.94,4,3,3,433,0,0.526588014030597,-0.729885425164397,Regular Customers
3,7,1258.06,4,4,3,443,2,2.2368921675732216,0.012374862958360162,VIP Customers
44,2,778.0,3,3,3,333,0,0.06966223626754876,-0.5930148384073055,Regular Customers
80,1,507.84,2,2,2,222,0,-0.6490899232717378,-0.5740594624522946,Regular Customers
42,2,463.46000000000004,3,3,2,332,0,-0.2055518708469971,-0.7880329112510286,Regular Customers
50,3,598.83,3,3,2,332,0,0.18898586418043611,-0.5057136904172247,Regular Customers
16,6,1979.37,4,4,4,444,2,2.520406443162939,0.39463960885405114,VIP Customers
46,2,698.41,3,3,3,333,0,-0.011501151801675607,-0.6208609179995361,Regular Customers
19,2,759.17,3,3,3,333,0,0.16759928239770494,-0.818146936380095,Regular Customers
72,1,100.8,2,2,1,221,0,-0.9803525281163662,-0.8728587286291841,Regular Customers
128,3,524.9200000000001,2,3,2,232,0,-0.23653026322135942,0.12168495890770802,Regular Customers
33,2,265.76,3,3,1,331,0,-0.34292797760522253,-0.9770384789030743,Regular Customers
313,1,403.3,1,2,2,122,1,-1.8150750413013204,1.3658231847147078,Lost Customers
18,2,365.76,4,3,2,432,0,-0.18352864425396703,-1.0491833392958194,Regular Customers
88,1,303.15999999999997,2,2,1,221,0,-0.8709525343553968,-0.6211624603205719,Regular Customers
2,7,2373.82,4,4,4,444,2,3.2503754717501865,0.634711440865634,VIP Customers
2,2,216.3,4,3,1,431,0,-0.24509576689317095,-1.270966853782439,Regular Customers
254,1,388.45000000000005,1,2,2,122,1,-1.55718903290584,0.8512426715005916,Lost Customers
157,3,186.42000000000002,1,3,1,131,0,-0.6759639042570311,0.17907929902254224,Regular Customers
37,6,2248.56,3,4,4,344,2,2.6672423204090876,0.7270223706141237,VIP Customers
220,1,534.24,1,2,2,122,1,-1.2690136159377263,0.6419819239246104,Lost Customers
148,3,2940.04,1,3,4,134,2,1.8552820910469174,1.6589226653955107,VIP Customers
177,2,120.89999999999999,1,3,1,131,1,-1.1361013402310383,0.17648000979844936,Lost Customers
40,2,541.53,3,3,2,332,0,-0.12576288663609198,-0.7610463285550065,Regular Customers
2,7,2519.21,4,4,4,444,2,3.381839009224543,0.7169234499049442,VIP Customers
1,7,1721.4,4,4,4,444,2,2.6650473192148003,0.2572156359190154,VIP Customers
18,2,486.71999999999997,4,3,2,432,0,-0.07415503194983178,-0.9807854810291231,Regular Customers
192,4,517.53,1,3,2,132,1,-0.2285959523376201,0.8037246394720866,Lost Customers
204,1,131.7,1,2,1,121,1,-1.5594189809870702,0.27709217621927823,Lost Customers
365,1,249.86,1,2,1,121,1,-2.192941320473732,1.7251870254784456,Lost Customers
127,5,1737.7,2,4,4,244,2,1.482525179422042,1.0731584411656954,VIP Customers
15,1,316.5,4,2,2,422,0,-0.5231972679091204,-1.2399140270999396,Regular Customers
43,2,657.3,3,3,2,332,0,-0.034877745514242824,-0.6698450580565722,Regular Customers
94,6,622.4300000000001,2,4,2,242,2,0.93475782738007,0.2965380590063717,VIP Customers
23,3,735.82,3,3,3,333,0,0.4370144603006518,-0.6598948085359593,Regular Customers
60,2,675.69,2,3,3,233,0,-0.09642436438865193,-0.5135968065249029,Regular Customers
16,5,1875.8600000000001,4,4,4,444,2,2.11788865537212,0.19897094003957183,VIP Customers
158,1,289.96000000000004,1,2,1,121,1,-1.2047856055960395,-0.028069871118898332,Lost Customers
10,2,763.28,4,3,3,433,0,0.21270241422328856,-0.8930373273059341,Regular Customers
10,2,137.0,4,3,1,431,0,-0.35358814392679283,-1.2471726668832033,Regular Customers
16,5,1870.97,4,4,4,444,2,2.1134670534858166,0.1962058480511116,VIP Customers
45,5,1125.07,3,4,3,343,2,1.3056570098980227,0.023232401642698318,VIP Customers
191,3,697.54,1,3,3,133,1,-0.37015271690380314,0.7597953795513623,Lost Customers
79,1,194.37,2,2,1,221,0,-0.9279350575325981,-0.7598931141292647,Regular Customers
78,1,511.82,2,2,2,222,0,-0.6362940850232448,-0.5889676988615926,Regular Customers
4,4,1255.59,4,3,3,433,2,1.3032921457816846,-0.39185662220842915,VIP Customers
65,3,414.04,2,3,2,232,0,-0.0470816949253468,-0.48151405491232024,Regular Customers
261,1,396.87,1,2,2,122,1,-1.5817653047798856,0.9160594960583054,Lost Customers
59,2,376.64,2,3,2,232,0,-0.362230746256774,-0.6912765468575796,Regular Customers
1,7,2092.32,4,4,4,444,2,3.0004380291672628,0.4669554969332594,VIP Customers
248,1,374.57,1,2,2,122,1,-1.5421482994904934,0.7919178242068403,Lost Customers
8,2,497.56,4,3,2,432,0,-0.018368011073401063,-1.0604497169438032,Regular Customers
359,1,271.05,1,2,1,121,1,-2.1461898348799293,1.6856928072307678,Lost Customers
76,1,272.21999999999997,2,2,1,221,0,-0.8437464650703974,-0.7416103128883001,Regular Customers
290,1,622.88,1,2,2,122,1,-1.5107616286709853,1.2926608051722521,Lost Customers
17,3,1138.0,4,3,3,433,0,0.8282620814082814,-0.4839549988320122,Regular Customers
221,2,288.6,1,3,1,131,1,-1.1868003548067316,0.6488001435175961,Lost Customers
9,4,689.1,4,3,3,433,0,0.7680718111414092,-0.6692862960640454,Regular Customers
3,2,558.96,4,3,2,432,0,0.060143346725805444,-1.0686274689473596,Regular Customers
162,2,1145.84,1,3,3,133,0,-0.14035917483127996,0.6273503199182536,Regular Customers
76,1,302.2,2,2,1,221,0,-0.8166381573911813,-0.7246578675275565,Regular Customers
262,2,605.58,1,3,2,132,1,-1.0887228377098708,1.1797937780146626,Lost Customers
281,1,387.31,1,2,2,122,1,-1.6823802841887807,1.0822413247179596,Lost Customers
25,1,308.48,3,2,2,322,0,-0.576434407943143,-1.1586551982593989,Regular Customers
29,10,2924.9900000000002,3,4,4,344,2,4.551358218618919,1.589432652872024,VIP Customers
72,1,513.2,2,2,2,222,0,-0.6074550602408255,-0.6396636496841982,Regular Customers
128,1,208.65,2,2,1,221,0,-1.1403511161196884,-0.3314287181362358,Regular Customers
31,4,639.02,3,3,2,332,0,0.6216210481004801,-0.5088580840131578,Regular Customers
15,5,764.88,4,4,3,443,0,1.1179245598953953,-0.437821507489522,Regular Customers
309,1,153.94,1,2,1,121,1,-2.0221554706087335,1.1905029347037652,Lost Customers
17,6,1844.02,4,4,4,444,2,2.3934226697324803,0.3266841835860927,VIP Customers
54,1,546.81,2,2,2,222,0,-0.49429082687734033,-0.7750874406182887,Regular Customers
30,3,723.2099999999999,3,3,3,333,0,0.39342258767630894,-0.6069695759040774,Regular Customers
2,5,1070.71,4,4,3,443,2,1.4542409980994362,-0.3764192868719806,VIP Customers
11,4,652.74,4,3,2,432,0,0.7259975538584595,-0.6726876053779255,Regular Customers
361,1,145.0,1,2,1,121,1,-2.2693629619343563,1.6315755264557434,Lost Customers
360,1,422.7,1,2,2,122,1,-2.0136644587461787,1.7800239669705953,Lost Customers
5,4,1195.8999999999999,4,3,3,433,2,1.2447211328251908,-0.41702945855064166,VIP Customers
54,4,939.37,2,3,3,233,0,0.7874351341911193,-0.14169687470380948,Regular Customers
1,10,2367.12,4,4,4,444,2,4.175683859738574,1.0337576717309547,VIP Customers
190,1,296.7,1,2,1,121,1,-1.345844333556903,0.2502814978976339,Lost Customers
54,1,223.36,2,2,1,221,0,-0.7867585426492694,-0.9579849873805479,Regular Customers
280,1,164.4,1,2,1,121,1,-1.879339883311889,0.9476155933835159,Lost Customers
177,1,76.5,1,2,1,121,1,-1.4851710937684068,0.014235591993761582,Lost Customers
30,2,887.67,3,3,3,333,0,0.23320677482876928,-0.6511123346679073,Regular Customers
26,1,98.42,3,2,1,321,0,-0.7709719394361182,-1.2688560268929732,Regular Customers
25,2,578.9,3,3,2,332,0,-0.02299441752597399,-0.8686058538224469,Regular Customers
270,1,170.75,1,2,1,121,1,-1.827612779095888,0.8654124488741147,Lost Customers
43,3,642.32,3,3,2,332,0,0.26049983624221024,-0.5411775650524501,Regular Customers
234,1,103.3,1,2,1,121,1,-1.7230546857898656,0.5184145729188308,Lost Customers
24,2,148.86,3,3,1,331,0,-0.4072436687370084,-1.120355001019827,Regular Customers
197,3,267.16,1,3,1,131,1,-0.7868991464355117,0.5679096405888105,Lost Customers
359,1,290.34,1,2,1,121,1,-2.1287475648621816,1.6966005013938346,Lost Customers
60,4,930.41,2,3,3,233,0,0.7517421743783979,-0.09528709919255932,Regular Customers
130,1,1487.6,2,2,3,223,0,0.006895112706424126,0.4089231715972396,Regular Customers
1,5,1952.45,4,4,4,444,2,2.2561203608791307,0.11358869652824755,VIP Customers
20,2,480.31,3,3,2,332,0,-0.089148107945506,-0.9672513087367899,Regular Customers
206,1,157.9,1,2,1,121,1,-1.5449256689434105,0.30906594968618933,Lost Customers
14,3,541.46,4,3,2,432,0,0.3026584251784698,-0.8470117448502837,Regular Customers
95,4,854.95,2,3,3,233,0,0.5225615271239599,0.16232172417609578,Regular Customers
19,1,165.12,3,2,1,321,0,-0.6784711821430364,-1.2911956101064888,Regular Customers
14,7,1122.38,4,4,3,443,2,2.0636246525761575,0.03002664227557608,VIP Customers
24,3,454.01,3,3,2,332,0,0.17759964141662413,-0.81066728342148,Regular Customers
8,2,869.77,4,3,3,433,0,0.3181891337325033,-0.8499804144847507,Regular Customers
332,1,344.14,1,2,2,122,1,-1.9559404535929994,1.495378891962216,Lost Customers
50,4,1425.67,3,3,3,333,2,1.2455480880488863,0.09896806388046685,VIP Customers
71,4,226.75000000000003,2,3,1,231,0,0.06489972290230912,-0.3988044298151425,Regular Customers
29,3,380.6,3,3,2,332,0,0.08822868471056686,-0.8092806878149392,Regular Customers
243,1,185.65,1,2,1,121,1,-1.6899795560429,0.6421945044013709,Lost Customers
218,1,143.45999999999998,1,2,1,121,1,-1.6131649271037543,0.4038532962342195,Lost Customers
5,3,448.90000000000003,4,3,2,432,0,0.2603512800410842,-0.9765650074580138,Regular Customers
253,3,215.72,1,3,1,131,1,-1.0909298335122937,1.0192677691100158,Lost Customers
236,1,175.27,1,2,1,121,1,-1.6671755417756347,0.5762693812143355,Lost Customers
7,2,1242.3,4,3,3,433,0,0.6596341618446324,-0.647909545899208,Regular Customers
109,4,1116.68,2,3,3,233,0,0.6948417207862501,0.4304305015234283,Regular Customers
100,3,1240.2,2,3,3,233,0,0.538994241200295,0.285923447113896,Regular Customers
60,4,2404.17,2,3,4,234,2,2.0843352205865857,0.7380629966996872,VIP Customers
2,3,1468.02,4,3,3,433,2,1.195648503898072,-0.4260330986551023,VIP Customers
73,7,2203.67,2,4,4,244,2,2.770027624881917,1.1476347015374389,VIP Customers
85,2,993.1800000000001,2,3,3,233,0,0.07569086337961324,-0.11958487761683344,Regular Customers
12,2,386.69,4,3,2,432,0,-0.13701225405698217,-1.0888245767494276,Regular Customers
23,7,2806.69,3,4,4,344,2,3.545212943423756,1.059648447343736,VIP Customers
214,1,2044.3700000000001,1,2,4,124,1,0.12405687018616243,1.4444214613615767,Lost Customers
18,1,161.67000000000002,4,2,1,421,0,-0.6769921820906689,-1.3017258224659891,Regular Customers
239,1,116.00999999999999,1,2,1,121,1,-1.734554813365366,0.5684984531973942,Lost Customers
78,1,394.72,2,2,2,222,0,-0.7421774348977012,-0.6551828873787067,Regular Customers
217,2,309.36,1,3,2,132,1,-1.149634751081795,0.6262215392986504,Lost Customers
33,2,191.99,3,3,1,331,0,-0.409631775386936,-1.0187523512934031,Regular Customers
41,5,1105.78,3,4,3,343,2,1.306608880382379,-0.0219928148743722,VIP Customers
53,6,2048.45,2,4,4,244,2,2.412723682026825,0.7511385627273226,VIP Customers
57,1,386.32,2,2,2,222,0,-0.6532035870049985,-0.8400997310057461,Regular Customers
130,3,329.6,2,3,2,232,0,-0.4223382292664235,0.02839836892191965,Regular Customers
174,3,571.1999999999999,1,3,2,132,1,-0.4062158983619949,0.5425058846343603,Lost Customers
6,3,930.28,4,3,3,433,0,0.6910228299929776,-0.6957852216742235,Regular Customers
312,1,214.37,1,2,1,121,1,-1.981309480486478,1.2504117326783983,Lost Customers
60,1,81.44,2,2,1,221,0,-0.94267567154233,-0.9867585719481661,Regular Customers
21,3,1379.9,3,3,3,333,0,1.0285970812531544,-0.3128530691143033,Regular Customers
33,1,527.05,3,2,2,322,0,-0.41558883939944374,-0.9664278926275178,Regular Customers
15,2,843.48,4,3,3,433,0,0.2622276263832881,-0.8047906539187452,Regular Customers
18,4,2020.4,4,3,4,434,2,1.9304638480250296,0.16072300944453766,VIP Customers
81,1,75.75,2,2,1,221,0,-1.0443898815164256,-0.8098090383655856,Regular Customers
6,8,1814.12,4,4,4,444,2,3.034815972410053,0.4896799106298878,VIP Customers
170,2,503.59999999999997,1,3,2,132,1,-0.7578692544979203,0.3328253076388025,Lost Customers
2,3,528.33,4,3,2,432,0,0.3459685291454852,-0.9573887818117797,Regular Customers
31,4,1324.84,3,3,3,333,2,1.2417484521218265,-0.12105534627782748,VIP Customers
36,9,2358.59,3,4,4,344,2,3.698099499437999,1.1920745703573503,VIP Customers
19,1,285.56,3,2,1,321,0,-0.5695677606325366,-1.2230917902516534,Regular Customers
31,2,547.0600000000001,3,3,2,332,0,-0.07937577225865751,-0.8351337684330719,Regular Customers
276,1,108.5,1,2,1,121,1,-1.9114912531256016,0.8816889417544767,Lost Customers
87,1,621.66,2,2,2,222,0,-0.5783621381281256,-0.44964331364433463,Regular Customers
120,2,712.29,2,3,3,233,0,-0.33924227375278887,0.021861809312276364,Regular Customers
373,1,101.55,1,2,1,121,1,-2.363833441101173,1.7099589223728473,Lost Customers
1,11,2895.64,4,4,4,444,2,4.962501242150595,1.4697518509780445,VIP Customers
219,3,1008.39,1,3,3,133,1,-0.21783706926161536,1.1757908058888658,Lost Customers
65,1,133.06,2,2,1,221,0,-0.9189928687709895,-0.9146727020436342,Regular Customers
61,4,1797.5,2,3,4,234,2,1.531177745509425,0.403595678588977,VIP Customers
138,1,868.49,2,2,3,223,0,-0.5897005187740832,0.12747721406075072,Regular Customers
21,1,166.07999999999998,3,2,1,321,0,-0.6868002078519921,-1.2734940087845132,Regular Customers
37,4,1207.56,3,3,3,333,2,1.1081111331425713,-0.13589603379111884,VIP Customers
277,1,117.55,1,2,1,121,1,-1.9079066600157406,0.895385721626324,Lost Customers
11,7,2638.94,4,4,4,444,2,3.448713623329384,0.8618402195324008,VIP Customers
73,5,1674.69,2,4,4,244,2,1.6738716109947276,0.5742423502878989,VIP Customers
26,2,595.42,3,3,2,332,0,-0.01265535282292591,-0.8506850990725223,Regular Customers
141,1,178.75,2,2,1,221,0,-1.2271680433855676,-0.23680397916771986,Regular Customers
26,7,1802.91,3,4,4,344,2,2.6237863479790153,0.5177906716907179,VIP Customers
19,2,604.64,3,3,2,332,0,0.027871237512139286,-0.9055272359663429,Regular Customers
4,2,728.16,4,3,3,433,0,0.2085376621447544,-0.9643725128072302,Regular Customers
66,5,2055.51,2,4,4,244,2,2.0504037761662404,0.7295245861776788,VIP Customers
1,2,347.75,4,3,2,432,0,-0.12163842441497809,-1.2052167166034364,Regular Customers
228,1,205.7,1,2,1,121,1,-1.602872057213103,0.5248412381850288,Lost Customers
16,4,1572.71,4,3,3,433,2,1.5348537713478547,-0.10958586059007988,VIP Customers
2,6,1594.97,4,4,3,443,2,2.237206432855905,0.05716603923178788,VIP Customers
74,2,551.04,2,3,2,232,0,-0.2735140146588337,-0.46396987835982956,Regular Customers
4,6,1371.18,4,4,3,443,2,2.025655520859297,-0.052219153803379076,VIP Customers
264,1,298.11,1,2,1,121,1,-1.6848609924246214,0.8859529579096306,Lost Customers
53,2,1992.1100000000001,2,3,4,234,2,1.1260895441008913,0.17072838732057233,VIP Customers
24,1,184.4,3,2,1,321,0,-0.6840306298835653,-1.2373966675857608,Regular Customers
10,6,2474.33,4,4,4,444,2,2.9955469524119187,0.6230426567357766,VIP Customers
44,1,239.41,3,2,1,321,0,-0.7262605717058369,-1.0347031845917767,Regular Customers
358,2,290.40000000000003,1,3,1,131,1,-1.8151720834873601,1.8251931094140452,Lost Customers
127,4,740.94,2,3,3,233,0,0.2723190716025446,0.3723939812076448,Regular Customers
137,1,200.47,2,2,1,221,0,-1.1891343951185347,-0.25883974324169173,Regular Customers
142,1,283.12,2,2,1,221,0,-1.1373938609500602,-0.16920769656785095,Regular Customers
132,2,765.34,2,3,3,233,0,-0.34645619217763246,0.15481194896893194,Regular Customers
38,8,2285.71,3,4,4,344,2,3.314080687567388,1.030884656095442,VIP Customers
236,1,338.95,1,2,2,122,1,-1.5191739473482135,0.6688236259323648,Lost Customers
261,1,154.95,1,2,1,121,1,-1.800512529388156,0.7792637795249131,Lost Customers
17,4,2534.64,4,3,4,434,2,2.40004490953348,0.442924999846991,VIP Customers
253,1,417.95,1,2,2,122,1,-1.5259162123721461,0.8593443162003476,Lost Customers
30,4,1824.37,3,3,4,334,2,1.6980285394487802,0.15282874981987143,VIP Customers
35,3,798.74,3,3,3,333,0,0.43872512482423576,-0.5213635936387921,Regular Customers
169,2,885.19,1,3,3,133,1,-0.4082320560197573,0.5400192300925355,Lost Customers
3,9,1823.52,4,4,4,444,2,3.3660338740600713,0.6063951397169038,VIP Customers
185,2,152.4,1,3,1,131,1,-1.1444069096977108,0.26292699676340864,Lost Customers
188,2,263.33,1,3,1,131,1,-1.0578981598089305,0.3513914481976002,Lost Customers
170,1,137.45,1,2,1,121,1,-1.3978695615972558,-0.01135537750475322,Lost Customers
11,2,385.1,4,3,2,432,0,-0.1338514177043032,-1.0983030363280413,Regular Customers
45,1,522.91,3,2,2,322,0,-0.47451470299354587,-0.8658163236907065,Regular Customers
321,1,153.0,1,2,1,121,1,-2.078187852395848,1.2929239707904892,Lost Customers
201,1,326.4,1,2,2,122,1,-1.3695730919165843,0.36144880135627,Lost Customers
232,1,139.35,1,2,1,121,1,-1.681260734556968,0.521640590102563,Lost Customers
26,4,1195.94,3,3,3,333,2,1.148188063711733,-0.23683984785274875,VIP Customers
96,4,2424.04,2,3,4,234,2,1.936754669662915,1.058156357969708,VIP Customers
71,3,1033.0,2,3,3,233,0,0.4849988128380943,-0.08004158790947073,Regular Customers
15,1,1060.25,4,2,3,423,0,0.14931119894935047,-0.8193542793663476,Regular Customers
4,3,2876.01,4,3,4,434,2,2.459574386590964,0.38728555389859876,VIP Customers
79,4,1240.11,2,3,3,233,2,0.9444047931259331,0.2428436245914362,VIP Customers
373,1,303.97,1,2,1,121,1,-2.180802632547907,1.8244190287745061,Lost Customers
39,2,692.19,3,3,3,333,0,0.01506438881467402,-0.6844337338916849,Regular Customers
54,3,700.63,2,3,3,233,0,0.2626406136631285,-0.41383249435662667,Regular Customers
9,3,377.44,4,3,2,432,0,0.17734207393668616,-0.9826551483954958,Regular Customers
9,2,168.24,4,3,1,431,0,-0.3207419926605494,-1.2380871244206824,Regular Customers
19,4,1879.05,3,3,4,334,2,1.7980547962064686,0.08937483327049305,VIP Customers
12,7,2791.35,4,4,4,444,2,3.581926201392294,0.9566011277203326,VIP Customers
113,2,355.11,2,3,2,232,0,-0.630019350317816,-0.24016431624653659,Regular Customers
4,6,2322.4,4,4,4,444,2,2.8857610722476865,0.48565626567782727,VIP Customers
240,1,110.25,1,2,1,121,1,-1.74436161574347,0.5738207929160527,Lost Customers
113,1,71.4,2,2,1,221,0,-1.195476332364631,-0.5377286039404692,Regular Customers
178,2,674.52,1,3,3,133,1,-0.6401094384863973,0.4981085164915164,Lost Customers
5,9,1710.45,4,4,4,444,2,3.2545974325852383,0.5596175100687127,VIP Customers
359,1,80.64,1,2,1,121,1,-2.3183610445263447,1.5780238572261247,Lost Customers
1,5,1664.6499999999999,4,4,4,444,2,1.9958878408631737,-0.04915025526701673,VIP Customers
17,3,819.96,4,3,3,433,0,0.5406861583162907,-0.6637934151939504,Regular Customers
22,2,287.59,3,3,1,331,0,-0.27260512002239257,-1.0590677066632743,Regular Customers
33,1,712.78,3,2,3,323,0,-0.2476493468957479,-0.861405288329622,Regular Customers
263,1,15.0,1,2,1,121,1,-1.9362542180416857,0.7172866258174563,Lost Customers
51,2,772.55,3,3,3,333,0,0.03254452918634095,-0.5360409230274942,Regular Customers
159,3,367.63,1,3,2,132,0,-0.5213085250567574,0.29870479214818824,Regular Customers
15,1,271.2,4,2,1,421,0,-0.56415811973929,-1.2655292964408897,Regular Customers
8,3,2081.9,4,3,4,434,2,1.7231356092929202,-0.027433160752738977,VIP Customers
199,5,1143.27,1,4,3,143,2,0.6139392783442645,1.3547483566869647,VIP Customers
57,2,245.81,2,3,1,231,0,-0.4713318712582851,-0.7824142415417891,Regular Customers
11,2,173.45,4,3,1,431,0,-0.32522811284459946,-1.217982324540229,Regular Customers
97,4,1213.73,2,3,3,233,2,0.8377780202201107,0.38235568036736045,VIP Customers
255,1,56.4,1,2,1,121,1,-1.8620315161595746,0.6720615623614432,Lost Customers
25,3,647.56,3,3,2,332,0,0.3480115449606201,-0.6926434131874843,Regular Customers
21,3,650.32,3,3,2,332,0,0.368901313521251,-0.7254002701246883,Regular Customers
159,2,188.02,1,3,1,131,1,-0.9926369270700034,0.06000473267484984,Lost Customers
72,2,283.47,2,3,1,231,0,-0.5062572341251881,-0.6324283661937418,Regular Customers
53,1,131.94,2,2,1,221,0,-0.8648231658971234,-1.0182585826081143,Regular Customers
85,2,266.85,2,3,1,231,0,-0.5810662118920682,-0.5302943385530885,Regular Customers
153,4,1817.54,1,3,4,134,2,1.1262329437772955,1.2042304807573874,VIP Customers
74,2,1117.9,2,3,3,233,0,0.23904820318774495,-0.14343408192249987,Regular Customers
281,1,225.9,1,2,1,121,1,-1.82832931495937,0.9909706707593996,Lost Customers
30,1,106.1,3,2,1,321,0,-0.7824217236014516,-1.2301957833791792,Regular Customers
25,1,300.34,3,2,1,321,0,-0.583794702289668,-1.1632580303219893,Regular Customers
180,2,342.83,1,3,2,132,1,-0.9492249401623719,0.3277103529952341,Lost Customers
40,4,690.0,3,3,3,333,0,0.6263310140083191,-0.4028165851846047,Regular Customers
22,3,780.43,3,3,3,333,0,0.48194994024171567,-0.64324908613771,Regular Customers
37,9,1187.21,3,4,3,343,2,2.6343238646033296,0.5382871915506581,VIP Customers
82,3,1285.04,2,3,3,233,0,0.6623127872801778,0.15684975495903,Regular Customers
74,1,512.31,2,2,2,222,0,-0.617456880119446,-0.6230081465582659,Regular Customers
11,1,546.04,4,2,2,422,0,-0.29725006053952957,-1.144436208956775,Regular Customers
13,4,699.81,4,3,3,433,0,0.7593617925620673,-0.6289127133426782,Regular Customers
14,5,1698.07,4,4,4,444,2,1.9663256848530641,0.08127931493039471,VIP Customers
37,4,36.56,3,3,1,331,0,0.04927763439800752,-0.7980479189622597,Regular Customers
4,3,387.68,4,3,2,432,0,0.2095938913466767,-1.0197617564582802,Regular Customers
51,1,298.4,3,2,1,321,0,-0.7051107888988298,-0.9412911244806003,Regular Customers
5,5,1987.33,4,4,4,444,2,2.269265172073193,0.16762941081629845,VIP Customers
23,4,1820.09,3,3,4,334,2,1.726348253410616,0.0903529233873571,VIP Customers
299,1,889.24,1,2,3,123,1,-1.3113022528915799,1.5204907523596098,Lost Customers
2,3,398.7,4,3,2,432,0,0.22875538957054253,-1.0306891651377705,Regular Customers
33,1,35.400000000000006,3,2,1,321,0,-0.8601451926511642,-1.244435556457058,Regular Customers
50,1,155.37,3,2,1,321,0,-0.8298418484150074,-1.0307480320853508,Regular Customers
3,3,342.24,4,3,2,432,0,0.1731049848129772,-1.05403557057554,Regular Customers
47,1,110.21000000000001,3,2,1,321,0,-0.8568805050395434,-1.082022279003995,Regular Customers
42,8,1541.23,3,4,3,343,2,2.622518004669594,0.6442296460222802,VIP Customers
27,5,2720.8,3,4,4,344,2,2.8313105558651444,0.771122618277816,VIP Customers
42,1,318.15,3,2,2,322,0,-0.6458657647415937,-1.0073377447112415,Regular Customers
303,1,205.48,1,2,1,121,1,-1.9479611185017818,1.1681703814560396,Lost Customers
107,1,51.559999999999995,2,2,1,221,0,-1.1858247088147988,-0.6004235838009327,Regular Customers
85,1,2033.1,2,2,4,224,0,0.7070774201400287,0.33130864832636214,Regular Customers
81,9,901.1999999999999,2,4,3,243,2,2.1733743404500134,0.7540531563364158,VIP Customers
218,4,605.8000000000001,1,3,2,132,1,-0.26834297838166904,1.0767015551864803,Lost Customers
12,2,114.34,4,3,1,431,0,-0.38327468222357647,-1.2428271949615202,Regular Customers
185,2,311.26,1,3,2,132,1,-1.0007636222420648,0.3527557315868821,Lost Customers
373,1,208.97,1,2,1,121,1,-2.2667028736928545,1.770700472761476,Lost Customers
2,4,1418.03,4,3,3,433,2,1.45936958625995,-0.3171623071879927,VIP Customers
305,1,141.92,1,2,1,121,1,-2.014629971144127,1.1493886013679022,Lost Customers
369,1,226.45000000000002,1,2,1,121,1,-2.23250308882008,1.7462671647138697,Lost Customers
3,8,2097.88,4,4,4,444,2,3.3051910770212656,0.6243962683828848,VIP Customers
324,1,330.9,1,2,2,122,1,-1.9311239535652032,1.419257176921445,Lost Customers
13,3,554.85,4,3,2,432,0,0.31936437324010997,-0.8480196363333692,Regular Customers
143,1,329.65000000000003,1,2,2,122,0,-1.0999193621758554,-0.13431753270265212,Regular Customers
30,6,1157.8700000000001,3,4,3,343,2,1.7132159187679505,0.05022679220143939,VIP Customers
107,5,428.18,2,4,2,242,0,0.39041078946801744,0.16109163497269488,Regular Customers
205,1,155.9,1,2,1,121,1,-1.542135559947252,0.299355652128993,Lost Customers
80,5,1848.96,2,4,4,244,2,1.7992590758984668,0.7328404644746765,VIP Customers
185,6,683.46,1,4,3,143,2,0.5714752542948495,1.1117716238596929,VIP Customers
170,1,237.61,1,2,1,121,1,-1.3073035810385407,0.04528094428751102,Lost Customers
44,1,379.45,3,2,2,322,0,-0.5996345741275374,-0.9555163784437265,Regular Customers
174,1,178.52,1,2,1,121,1,-1.379127671532802,0.04618552480140987,Lost Customers
365,1,458.92,1,2,2,122,1,-2.003906537170966,1.843401776216173,Lost Customers
304,1,133.35,1,2,1,121,1,-2.01778054198294,1.135963241568542,Lost Customers
3,4,664.34,4,3,2,432,0,0.7732747064129977,-0.7347633316674995,Regular Customers
4,4,695.0699999999999,4,3,3,433,0,0.7964626387652005,-0.7088074118549943,Regular Customers
12,1,156.34,4,2,1,421,0,-0.654220426972277,-1.3562159997185677,Regular Customers
32,3,869.28,3,3,3,333,0,0.516303919783599,-0.5072142939184091,Regular Customers
129,1,111.35,2,2,1,221,0,-1.2329295824389344,-0.3778684480747647,Regular Customers
21,8,716.0,3,4,3,343,2,1.9729034949367446,-0.0025706513744802144,VIP Customers
212,2,201.37,1,3,1,131,1,-1.2242880443093533,0.5222607746314392,Lost Customers
323,2,586.89,1,3,2,132,1,-1.386133222545893,1.692567574840759,Lost Customers
162,1,203.85999999999999,1,2,1,121,1,-1.3010324909674065,-0.042438324267230564,Lost Customers
56,3,244.1,2,3,1,231,0,-0.15935684700795388,-0.6548224950388741,Regular Customers
225,1,107.21,1,2,1,121,1,-1.6781323965772186,0.4434110902961223,Lost Customers
72,8,1118.96,2,4,3,243,2,2.1027399000798463,0.6628349094918095,VIP Customers
44,1,95.45,3,2,1,321,0,-0.8564310844976962,-1.1161065879984695,Regular Customers
23,1,256.32,3,2,1,321,0,-0.6144010911459907,-1.205308273979976,Regular Customers
173,3,541.8100000000001,1,3,2,132,1,-0.42819218520752156,0.5173076791908809,Lost Customers
85,2,152.06,2,3,1,231,0,-0.6848608295871054,-0.5952033179713595,Regular Customers
159,1,154.55,1,2,1,121,1,-1.3318236318103798,-0.09605922389591771,Lost Customers
190,2,112.19999999999999,1,3,1,131,1,-1.2037489505256238,0.28309246863513626,Lost Customers
29,1,110.38,3,2,1,321,0,-0.7739531565590796,-1.236355001654672,Regular Customers
21,1,181.07,3,2,1,321,0,-0.673246054012384,-1.2650177861041414,Regular Customers
71,4,798.99,2,3,3,233,0,0.5823266070368858,-0.07522646673202238,Regular Customers
247,1,72.9,1,2,1,121,1,-1.8103237195880866,0.6127565826451729,Lost Customers
374,1,232.03,1,2,1,121,1,-2.2504502555467756,1.7923193259990344,Lost Customers
9,1,366.23,4,2,2,422,0,-0.4506395414492461,-1.2632700602043345,Regular Customers
310,5,310.06,1,4,2,142,1,-0.6498974882141899,1.835913938267229,Lost Customers
59,2,408.65,2,3,2,232,0,-0.33328688605625006,-0.6731762207736101,Regular Customers
4,1,329.36,4,2,2,422,0,-0.46098520151650274,-1.3270154174647382,Regular Customers
45,3,335.03,3,3,2,332,0,-0.026552866655483152,-0.6977785415306488,Regular Customers
88,1,1304.04,2,2,3,223,0,0.034056237825182925,-0.055206372506659454,Regular Customers
64,4,820.23,2,3,3,233,0,0.6337218384094485,-0.1232717926439838,Regular Customers
282,1,207.50000000000003,1,2,1,121,1,-1.8495653704750754,0.9891456152359033,Lost Customers
373,1,244.08,1,2,1,121,1,-2.234955952991811,1.790553720146923,Lost Customers
133,2,397.29,2,3,2,232,0,-0.6838503457599788,-0.04472566560673314,Regular Customers
45,2,212.54,3,3,1,331,0,-0.44623261841399864,-0.9041796123780473,Regular Customers
11,4,843.0,4,3,3,433,0,0.8980331315451723,-0.5651034741459346,Regular Customers
36,5,1740.48,3,4,4,344,2,1.9035055881647265,0.29400678219859994,VIP Customers
134,2,408.36,2,3,2,232,0,-0.6784392422594567,-0.029886659596503398,Regular Customers
29,3,1331.57,3,3,3,333,0,0.9481081828327853,-0.27154663295481984,Regular Customers
52,2,704.25,2,3,3,233,0,-0.03381175825707885,-0.5660823569199401,Regular Customers
138,2,145.79,2,3,1,231,0,-0.9342526071555488,-0.14404157147767185,Regular Customers
5,1,380.13,4,2,2,422,0,-0.41967683934803945,-1.2897277096259052,Regular Customers
160,1,99.14,1,2,1,121,1,-1.3865246128500273,-0.11881189792512216,Lost Customers
131,1,304.56,2,2,1,221,0,-1.0674236464624567,-0.25145745313694645,Regular Customers
8,1,77.50000000000001,4,2,1,421,0,-0.7071144444898326,-1.4351142689785428,Regular Customers
233,2,149.57999999999998,1,3,1,131,1,-1.3676864765653656,0.6731426720855912,Lost Customers
37,1,176.68,3,2,1,321,0,-0.7507921113747609,-1.1302300594344132,Regular Customers
147,1,358.56000000000006,1,2,2,122,0,-1.0921727029779547,-0.08365260556615692,Regular Customers
72,3,482.2,2,3,2,232,0,-0.017640278315190515,-0.38291674049967567,Regular Customers
40,3,1008.5400000000001,3,3,3,333,0,0.6054363501672375,-0.3598335006801431,Regular Customers
199,4,557.3,1,3,2,132,1,-0.22482514463383294,0.8862685875141004,Lost Customers
249,1,12.75,1,2,1,121,1,-1.8739092056798603,0.5959030159886612,Lost Customers
66,1,111.68,2,2,1,221,0,-0.9429234792194521,-0.9181828238504867,Regular Customers
117,1,508.4599999999999,2,2,2,222,0,-0.8186751108160951,-0.25627179641746584,Regular Customers
171,1,73.78,1,2,1,121,1,-1.4600393425511906,-0.03877873861466941,Lost Customers
142,1,102.41,2,2,1,221,0,-1.300794203869044,-0.2713916992743214,Regular Customers
32,2,463.21,3,3,2,332,0,-0.15979257285790824,-0.8739680817571246,Regular Customers
38,5,1098.43,3,4,3,343,2,1.3137585197335317,-0.05188707649983036,VIP Customers
372,1,112.27,1,2,1,121,1,-2.349541741922238,1.7074412567365538,Lost Customers
374,1,265.1,1,2,1,121,1,-2.2205479294976866,1.8110190380764124,Lost Customers
166,2,228.2,1,3,1,131,1,-0.9884953920096958,0.14278051869544622,Lost Customers
211,1,562.79,1,2,2,122,1,-1.201811516811274,0.5809113383562287,Lost Customers
242,1,135.19,1,2,1,121,1,-1.7310076121613114,0.6050820886926856,Lost Customers
52,1,337.04,2,2,2,222,0,-0.6747705312049792,-0.9108624280569046,Regular Customers
25,3,703.99,3,3,3,333,0,0.39903628820071896,-0.6607345909157444,Regular Customers
372,1,321.79,1,2,2,122,1,-2.160091020609718,1.8259161183770811,Lost Customers
29,1,288.14,3,2,1,321,0,-0.6132202421809125,-1.1358391014770275,Regular Customers
365,1,300.91999999999996,1,2,1,121,1,-2.1467722013909842,1.7540593356892384,Lost Customers
36,4,732.41,3,3,3,333,0,0.6830728305836571,-0.4131530132174229,Regular Customers
166,3,811.45,1,3,3,133,0,-0.15219042856753803,0.6097222407908849,Regular Customers
145,1,152.68,1,2,1,121,1,-1.2691350184839745,-0.21722795950066043,Lost Customers
22,1,631.35,3,2,2,322,0,-0.27069553037215244,-1.0018237591835641,Regular Customers
56,1,20.8,2,2,1,221,0,-0.9791130112826432,-1.0553654967930135,Regular Customers
185,1,198.57,1,2,1,121,1,-1.4115820859666806,0.15189615388609085,Lost Customers
12,7,201.12,4,4,1,441,2,1.2398063948567424,-0.5080664021915755,VIP Customers
237,3,630.84,1,3,2,132,1,-0.6419963440923979,1.116730805716413,Lost Customers
225,2,93.35,1,3,1,131,1,-1.38174209618832,0.572711896802714,Lost Customers
122,4,674.89,2,3,3,233,0,0.23558847430781882,0.29214854537397555,Regular Customers
282,1,76.1,1,2,1,121,1,-1.9683789671745082,0.9148443703926172,Lost Customers
74,8,1962.46,2,4,4,244,2,2.8562465498894603,1.1569579022160847,VIP Customers
37,2,380.39,3,3,2,332,0,-0.25767217450263874,-0.8779024504882955,Regular Customers
12,2,415.13,4,3,2,432,0,-0.11129643449737897,-1.0727429374545794,Regular Customers
362,1,157.92,1,2,1,121,1,-2.2622790642641695,1.6474606306620165,Lost Customers
4,2,226.47,4,3,1,431,0,-0.24509699027639,-1.248057379819621,Regular Customers
23,1,444.68,3,2,2,322,0,-0.4440835182821769,-1.098798513868246,Regular Customers
70,9,2116.19,2,4,4,244,2,3.322568058290797,1.3467063737605016,VIP Customers
235,1,247.39,1,2,1,121,1,-1.597365160425123,0.6084708665169898,Lost Customers
257,1,174.8,1,2,1,121,1,-1.7641697595520816,0.7561706080852111,Lost Customers
373,1,102.78999999999999,1,2,1,121,1,-2.3627122169009653,1.7106600908934384,Lost Customers
155,2,187.29,1,3,1,131,1,-0.9749028621051187,0.025274425627272397,Lost Customers
28,1,162.22,3,2,1,321,0,-0.7224802161603529,-1.215621014414589,Regular Customers
4,1,120.03,4,2,1,421,0,-0.6502641223467328,-1.4453828419932395,Regular Customers
32,5,1477.66,3,4,3,343,2,1.6842544510066715,0.1110754609883374,VIP Customers
81,3,523.0,2,3,2,232,0,-0.022135201405831115,-0.2826316090417819,Regular Customers
108,2,122.14,2,3,1,231,0,-0.8176811923695378,-0.41479608228752163,Regular Customers
52,1,38.45,2,2,1,221,0,-0.9447595101888726,-1.0797026768982805,Regular Customers
36,1,612.72,3,2,2,322,0,-0.35192051152457265,-0.8922469225079488,Regular Customers
153,2,389.78,1,3,2,132,0,-0.7826116883862727,0.12261535294583363,Regular Customers
99,1,115.31,2,2,1,221,0,-1.0913928449370078,-0.6330106501317749,Regular Customers
4,2,230.64999999999998,4,3,1,431,0,-0.24131737966601235,-1.2456937633550478,Regular Customers
334,1,73.5,1,2,1,121,1,-2.2098537476700364,1.3595019689353596,Lost Customers
65,1,93.82000000000001,2,2,1,221,0,-0.9544741894291763,-0.9368612929694373,Regular Customers
22,2,418.68,3,3,2,332,0,-0.15407182937301175,-0.984941753950136,Regular Customers
36,3,713.89,3,3,3,333,0,0.3574041111603014,-0.5607633654471924,Regular Customers
32,3,403.12,3,3,2,332,0,0.09479595755066492,-0.7708084209819266,Regular Customers
154,6,70.02,1,4,1,141,0,0.15934938078661148,0.49893597297792014,Regular Customers
19,2,357.20000000000005,3,3,2,332,0,-0.19586724321318502,-1.0454442833333346,Regular Customers
54,1,165.04999999999998,2,2,1,221,0,-0.8394832064509735,-0.9909568716028615,Regular Customers
25,3,529.29,3,3,2,332,0,0.24107026580048388,-0.7595201881312853,Regular Customers
4,10,2088.6,4,4,4,444,2,3.9100468315863037,0.9020043164359399,VIP Customers
45,1,178.34,3,2,1,321,0,-0.7860793986915938,-1.0606563536423887,Regular Customers
203,2,172.29000000000002,1,3,1,131,1,-1.2091957441006205,0.4286028166101003,Lost Customers
359,1,74.4,1,2,1,121,1,-2.324003334049971,1.574495396283795,Lost Customers
71,1,300.02,2,2,1,221,0,-0.7956166662445618,-0.7687874699659388,Regular Customers
288,1,363.65,1,2,2,122,1,-1.735963711177878,1.1289182410977996,Lost Customers
10,1,170.16,4,2,1,421,0,-0.6325271321672971,-1.3655601246418845,Regular Customers
23,3,306.46,3,3,1,331,0,0.04878153884807627,-0.902680063375482,Regular Customers
22,10,2119.41,3,4,4,344,2,3.85513200384974,1.0738549429317084,VIP Customers
173,3,720.52,1,3,3,133,1,-0.2666002684179051,0.618360764928656,Lost Customers
133,2,814.0,2,3,3,233,0,-0.3070557195756517,0.19090653940579128,Regular Customers
75,1,318.0,2,2,2,222,0,-0.7977530558436535,-0.7243030040633639,Regular Customers
40,1,396.33,3,2,2,322,0,-0.5659773170935734,-0.9802889615819412,Regular Customers
289,1,101.7,1,2,1,121,1,-1.9774208585972881,0.9893757717114241,Lost Customers
26,5,2009.24,3,4,4,344,2,2.1925072426843664,0.3601855985668751,VIP Customers
258,2,453.0,1,3,2,132,1,-1.2082935266171995,1.0591986001188887,Lost Customers
186,1,247.44,1,2,1,121,1,-1.371991728621116,0.18810949060466328,Lost Customers
374,1,489.6,1,2,2,122,1,-2.0175520964762055,1.937964467812468,Lost Customers
23,10,2611.75,3,4,4,344,2,4.295713728990566,1.3608321537039494,VIP Customers
8,11,2584.41,4,4,4,444,2,4.648893264150419,1.3538198710140203,VIP Customers
217,2,336.13,1,3,2,132,1,-1.1254289673402136,0.6413588629246381,Lost Customers
19,2,1231.5,3,3,3,333,0,0.5946862392397373,-0.5510639304681522,Regular Customers
36,3,343.45,3,3,2,332,0,0.022447423478887136,-0.7702318063889494,Regular Customers
26,1,680.84,3,2,3,323,0,-0.244340166303062,-0.9395216964391935,Regular Customers
16,1,90.48,4,2,1,421,0,-0.7321660399144467,-1.3591395731437028,Regular Customers
330,2,689.95,1,3,3,133,1,-1.325134769978277,1.8108993903571378,Lost Customers
274,1,101.34,1,2,1,121,1,-1.9087683484176847,0.8604814978295453,Lost Customers
61,1,166.03,2,2,1,221,0,-0.8707868235262654,-0.9303470581686945,Regular Customers
93,4,2106.52,2,3,4,234,2,1.6634445427411377,0.8528738382541279,VIP Customers
313,2,580.05,1,3,2,132,1,-1.3463326886530698,1.6029060329228118,Lost Customers
12,3,849.06,4,3,3,433,0,0.589991434126215,-0.6902354762419374,Regular Customers
8,6,2662.4,4,4,4,444,2,3.1747993737380265,0.7122296727100444,VIP Customers
127,1,168.31,2,2,1,221,0,-1.1722285360235012,-0.36281869398332234,Regular Customers
11,2,222.4,4,3,1,431,0,-0.2809668833283344,-1.19030313173141,Regular Customers
37,1,754.64,3,2,3,323,0,-0.22819312851019388,-0.8034176738208243,Regular Customers
38,1,113.48000000000002,3,2,1,321,0,-0.812536912188294,-1.1573876550566862,Regular Customers
330,1,421.9,1,2,2,122,1,-1.876431775432146,1.52219018252809,Lost Customers
254,1,271.0,1,2,1,121,1,-1.6633888573529356,0.7848295725139559,Lost Customers
20,1,198.8,3,2,1,321,0,-0.6526158212500168,-1.2635715877651577,Regular Customers
12,2,352.69,4,3,2,432,0,-0.16775549825622654,-1.108050165217249,Regular Customers
369,1,76.32000000000001,1,2,1,121,1,-2.368252596221038,1.6613748824587515,Lost Customers
290,1,220.1,1,2,1,121,1,-1.874960566864269,1.064905436846691,Lost Customers
68,8,1403.1100000000001,2,4,3,243,2,2.378066182911812,0.7891924154652011,VIP Customers
26,1,315.65,3,2,2,322,0,-0.5745497353948872,-1.1460214803381252,Regular Customers
368,1,180.7,1,2,1,121,1,-2.2692723014038316,1.7118180584664622,Lost Customers
214,1,111.15,1,2,1,121,1,-1.6239859107215793,0.3512658102509422,Lost Customers
149,2,653.3,1,3,2,132,0,-0.5259393210787312,0.23730745038713238,Regular Customers
8,6,1793.06,4,4,4,444,2,2.388730788085935,0.22065399392722654,VIP Customers
24,2,574.4399999999999,3,3,2,332,0,-0.022428672668937163,-0.8797071792511386,Regular Customers
30,4,1131.75,3,3,3,333,2,1.071752486587585,-0.23881910560902314,VIP Customers
61,1,200.92000000000002,2,2,1,221,0,-0.8392388296994525,-0.9106182116498036,Regular Customers
19,3,347.08,3,3,2,332,0,0.10390481403763045,-0.9140286620952827,Regular Customers
243,1,112.55000000000001,1,2,1,121,1,-1.7560775310712757,0.600859489195555,Lost Customers
15,3,1059.39,4,3,3,433,0,0.7663789626445512,-0.5455644514635857,Regular Customers
212,1,931.5,1,2,3,123,1,-0.8730176528572884,0.797980916708565,Lost Customers
29,5,681.91,3,4,3,343,0,0.9785225101612284,-0.3646262696968369,Regular Customers
63,3,784.33,2,3,3,233,0,0.2969364310474169,-0.2892891939202171,Regular Customers
295,1,152.65,1,2,1,121,1,-1.958942413704812,1.0696621650199438,Lost Customers
157,2,1019.52,1,3,3,133,0,-0.23158669353448974,0.5130247012329494,Regular Customers
117,2,1000.16,2,3,3,233,0,-0.0651508534457262,0.15890220143594216,Regular Customers
13,4,2861.5499999999997,4,3,4,434,2,2.714035343011318,0.5934615106110894,VIP Customers
141,2,160.35,2,3,1,231,0,-0.9348828703103326,-0.1100703541800668,Regular Customers
46,2,179.34,3,3,1,331,0,-0.48085102728702206,-0.9143734534698897,Regular Customers
51,3,612.0799999999999,3,3,2,332,0,0.19636815216196848,-0.48964198491111705,Regular Customers
32,3,566.58,3,3,2,332,0,0.24259862510385574,-0.6783785771304538,Regular Customers
135,2,653.35,2,3,2,232,0,-0.4615146186681333,0.11722439507233721,Regular Customers
3,2,399.19,4,3,2,432,0,-0.08432277461870268,-1.1589707709915895,Regular Customers
75,3,371.62,2,3,2,232,0,-0.13142376438448736,-0.41970699793334004,Regular Customers
13,2,675.64,4,3,3,433,0,0.11966157585783484,-0.9168559671086626,Regular Customers
9,2,453.4,4,3,2,432,0,-0.06289659513535743,-1.0768409830240961,Regular Customers
301,1,530.15,1,2,2,122,1,-1.6451931925398866,1.334599026392201,Lost Customers
57,2,638.0600000000001,2,3,2,232,0,-0.11665429663612005,-0.5606131510564091,Regular Customers
15,5,1618.69,4,4,3,443,2,1.8899507166529494,0.044972601031376264,VIP Customers
37,1,399.65,3,2,2,322,0,-0.5491797243422457,-1.0041497811794098,Regular Customers
177,1,302.46,1,2,1,121,1,-1.2808551096724874,0.14200659111696484,Lost Customers
23,3,1384.8600000000001,3,3,3,333,0,1.0238849078029335,-0.2928896338549368,Regular Customers
176,6,1160.04,1,4,3,143,2,1.043791932791521,1.3040434030336052,VIP Customers
61,1,202.65,2,2,1,221,0,-0.8376745410975498,-0.9096399684718821,Regular Customers
33,3,980.3100000000001,3,3,3,333,0,0.6121001612298996,-0.4358520578127845,Regular Customers
59,5,1231.31,2,4,3,243,2,1.3373411141326508,0.20341803925880908,VIP Customers
87,4,2106.84,2,3,4,234,2,1.6913251016749926,0.8015785014381139,VIP Customers
7,1,104.0,4,2,1,421,0,-0.6785542631501899,-1.42870899973183,Regular Customers
358,1,476.35,1,2,2,122,1,-1.9559563575748484,1.7932020534788469,Lost Customers
31,6,1340.8700000000001,3,4,3,343,2,1.874088374479534,0.16228507542556694,VIP Customers
129,4,1590.81,2,3,3,233,2,1.031585558634193,0.8701189444772149,VIP Customers
9,6,1793.17,4,4,4,444,2,2.384231716397524,0.22929557494900576,VIP Customers
5,6,1843.75,4,4,4,444,2,2.4483609537113273,0.22357894273330806,VIP Customers
24,1,366.85,3,2,2,322,0,-0.5190569562320319,-1.1342287671165254,Regular Customers
227,2,632.07,1,3,2,132,1,-0.9038215042329916,0.8944944526675014,Lost Customers
15,1,49.8,4,2,1,421,0,-0.764350892260252,-1.3907218048754677,Regular Customers
249,1,304.25,1,2,1,121,1,-1.6103310973245741,0.7607341641760118,Lost Customers
15,3,2001.04,4,3,4,434,2,1.6178311950039177,-0.01310046967758675,VIP Customers
78,2,1090.24,2,3,3,233,0,0.19564352931649093,-0.1247571412455533,Regular Customers
192,2,284.46000000000004,1,3,1,131,1,-1.0571862782542687,0.3976571083258704,Lost Customers
262,1,207.8,1,2,1,121,1,-1.7573234040451509,0.8177276410111893,Lost Customers
72,1,957.97,2,2,3,223,0,-0.20528821546147488,-0.3881646796008777,Regular Customers
165,1,243.76,1,2,1,121,1,-1.2787499950631065,0.0058616110237448065,Lost Customers
82,1,973.84,2,2,3,223,0,-0.236923705380205,-0.29339704756927093,Regular Customers
95,2,686.63,2,3,3,233,0,-0.247481002854422,-0.20713237010860777,Regular Customers
106,1,150.35,2,2,1,221,0,-1.0918989650291742,-0.5531413207207256,Regular Customers
200,3,1396.99,1,3,3,133,1,0.2209122950594478,1.2325197417248597,Lost Customers
157,1,160.42000000000002,1,2,1,121,1,-1.3173188308696346,-0.10989874376979852,Lost Customers
71,3,1975.35,2,3,4,234,2,1.3370839943427397,0.4528182148155716,VIP Customers
36,2,517.36,3,3,2,332,0,-0.12922357590739206,-0.8090309824756937,Regular Customers
29,1,139.10000000000002,3,2,1,321,0,-0.7479841573413649,-1.2201150339842066,Regular Customers
2,6,2621.38,4,4,4,444,2,3.1652997645778584,0.6375582821510969,VIP Customers
26,5,600.07,3,4,2,342,0,0.9183173183240958,-0.4366415338213543,Regular Customers
326,1,216.07,1,2,1,121,1,-2.04415181003388,1.3714843403408024,Lost Customers
237,1,232.48000000000002,1,2,1,121,1,-1.6200440474706084,0.6171986416923677,Lost Customers
89,1,299.34000000000003,2,2,1,221,0,-0.8790051633880143,-0.6147431311422791,Regular Customers
31,1,481.75,3,2,2,322,0,-0.44735262097856154,-1.0092019231454699,Regular Customers
29,2,621.75,3,3,2,332,0,-0.002643028206383142,-0.810058435414145,Regular Customers
211,2,641.92,1,3,2,132,1,-0.8213384435374419,0.7627941293223116,Lost Customers
3,10,2069.77,4,4,4,444,2,3.897619034703836,0.8827773525871722,VIP Customers
227,1,305.28,1,2,1,121,1,-1.5082319851063786,0.5725702134678703,Lost Customers
22,5,1041.61,3,4,3,343,2,1.335957695406622,-0.22128651699648036,VIP Customers
93,1,443.0,2,2,2,222,0,-0.7675000550176639,-0.49919184292688695,Regular Customers
264,1,158.95000000000002,1,2,1,121,1,-1.8106912825059993,0.8072637552278066,Lost Customers
218,1,93.75,1,2,1,121,1,-1.658113358549179,0.375744354977296,Lost Customers
57,2,779.9,2,3,3,233,0,0.01159928445860995,-0.4804085196365333,Regular Customers
9,7,2810.2000000000003,4,4,4,444,2,3.6127662230381596,0.9415218783847841,VIP Customers
192,5,2071.77,1,4,4,144,2,1.4856908547817231,1.8197208952842854,VIP Customers
82,4,592.97,2,3,2,232,0,0.34545674506997276,-0.09734903720382289,Regular Customers
326,1,440.0,1,2,2,122,1,-1.841671378459268,1.4981074587407799,Lost Customers
72,3,1796.48,2,3,4,234,2,1.1707488683372478,0.36025403630880176,VIP Customers
30,6,882.24,3,4,3,343,2,1.4639876717491938,-0.10563052983931352,VIP Customers
3,5,987.1,4,4,3,443,2,1.3740412086357094,-0.4151178901597897,VIP Customers
219,5,1561.6100000000001,1,4,3,143,2,0.9002370693135066,1.762889870798994,VIP Customers
46,1,422.58,3,2,2,322,0,-0.5698329348987832,-0.9139693928368089,Regular Customers
72,4,2232.4900000000002,2,3,4,234,2,1.873917500135384,0.7439376511688872,VIP Customers
7,7,2567.06,4,4,4,444,2,3.402112928742026,0.7868775413234854,VIP Customers
24,2,596.1,3,3,2,332,0,-0.0028434176878890313,-0.8674593484801677,Regular Customers
123,2,804.02,2,3,3,233,0,-0.2700944147059348,0.09946945784699232,Regular Customers
17,1,95.34,4,2,1,421,0,-0.7323700995456102,-1.347812064321272,Regular Customers
310,1,349.27,1,2,2,122,1,-1.8501340678096008,1.3095333210398998,Lost Customers
51,2,518.27,3,3,2,332,0,-0.19737876890141962,-0.6798257064274239,Regular Customers
89,1,103.30000000000001,2,2,1,221,0,-1.0562670925885989,-0.7255956124137997,Regular Customers
39,8,2337.63,3,4,4,344,2,3.356428894760237,1.068822641191275,VIP Customers
25,3,2338.6,3,3,4,334,2,1.8770720058632735,0.2635695021838273,VIP Customers
173,6,2628.35,1,4,4,144,2,2.385252623173761,2.108573608420654,VIP Customers
43,2,324.24,3,3,2,332,0,-0.33603494883778195,-0.8581766608534126,Regular Customers
140,1,149.48,2,2,1,221,0,-1.2490358246633322,-0.26193432959307755,Regular Customers
26,3,1213.16,3,3,3,333,0,0.8548359192201714,-0.3642407138519321,Regular Customers
72,2,801.51,2,3,3,233,0,-0.037838698096465825,-0.3394982529622663,Regular Customers
134,1,25.5,2,2,1,221,0,-1.3335489496696564,-0.38351615601350914,Regular Customers
366,1,168.6,1,2,1,121,1,-2.271016209235452,1.6878172496288535,Lost Customers
38,2,283.15000000000003,3,3,1,331,0,-0.3501963880380036,-0.9243082529177635,Regular Customers
2,3,204.0,4,3,1,431,0,0.052705105876634295,-1.140783932040265,Regular Customers
30,1,175.92,3,2,1,321,0,-0.7192895674252386,-1.1907154720020239,Regular Customers
44,1,335.86,3,2,2,322,0,-0.639049221617098,-0.9801647137764421,Regular Customers
58,1,110.38,2,2,1,221,0,-0.9073106751993331,-0.9875529645881459,Regular Customers
74,1,173.9,2,2,1,221,0,-0.9234516233390427,-0.8143649522463664,Regular Customers
278,1,180.60000000000002,1,2,1,121,1,-1.8554945614129619,0.9396172596529467,Lost Customers
181,1,80.82,1,2,1,121,1,-1.4996590338310773,0.05099589500014711,Lost Customers
8,2,178.05,4,3,1,431,0,-0.30727312737047674,-1.2411193572777326,Regular Customers
43,3,1837.28,3,3,4,334,2,1.3409982800165945,0.13452270540366137,VIP Customers
